EmpID,Age,AgeGroup,Gender,Department,JobRole,Salary,Attrition,YearsAtCompany,Employee Satisfaction,PerformanceRating,BusinessTravel,DailyRate,DistanceFromHome,Education,EducationField,EmployeeCount,EmployeeNumber,HourlyRate,JobInvolvement,JobLevel,JobSatisfaction,MaritalStatus,MonthlyIncome,SalarySlab,MonthlyRate,NumCompaniesWorked,Over18,OverTime,PercentSalaryHike,RelationshipSatisfaction,StandardHours,StockOptionLevel,TotalWorkingYears,TrainingTimesLastYear,WorkLifeBalance,YearsInCurrentRole,YearsSinceLastPromotion,YearsWithCurrManager
RM297,18,18-25,Male,Research & Development,Laboratory Technician,17040,Yes,0,3,3,Travel_Rarely,230,3,3,Life Sciences,1,405,54,3,1,3,Single,1420,Upto 5k,25233,1,Y,No,13,3,80,0,0,2,3,0,0,0
RM302,18,18-25,Female,Sales,Sales Representative,14400,No,0,4,3,Travel_Rarely,812,10,3,Medical,1,411,69,2,1,3,Single,1200,Upto 5k,9724,1,Y,No,12,1,80,0,0,2,3,0,0,0
RM458,18,18-25,Male,Sales,Sales Representative,22536,Yes,0,2,3,Travel_Frequently,1306,5,3,Marketing,1,614,69,3,1,2,Single,1878,Upto 5k,8059,1,Y,Yes,14,4,80,0,0,3,3,0,0,0
RM728,18,18-25,Male,Research & Development,Research Scientist,12612,No,0,2,3,Non-Travel,287,5,2,Life Sciences,1,1012,73,3,1,4,Single,1051,Upto 5k,13493,1,Y,No,15,4,80,0,0,2,3,0,0,0
RM829,18,18-25,Male,Research & Development,Laboratory Technician,22848,Yes,0,3,3,Non-Travel,247,8,1,Medical,1,1156,80,3,1,3,Single,1904,Upto 5k,13556,1,Y,No,12,4,80,0,0,0,3,0,0,0
RM973,18,18-25,Female,Research & Development,Laboratory Technician,19332,No,0,4,3,Non-Travel,1124,1,3,Life Sciences,1,1368,97,3,1,4,Single,1611,Upto 5k,19305,1,Y,No,15,3,80,0,0,5,4,0,0,0
RM1154,18,18-25,Female,Sales,Sales Representative,18828,Yes,0,2,3,Travel_Frequently,544,3,2,Medical,1,1624,70,3,1,4,Single,1569,Upto 5k,18420,1,Y,Yes,12,3,80,0,0,2,4,0,0,0
RM1312,18,18-25,Female,Research & Development,Research Scientist,18168,No,0,2,3,Non-Travel,1431,14,3,Medical,1,1839,33,3,1,3,Single,1514,Upto 5k,8018,1,Y,No,16,3,80,0,0,4,1,0,0,0
RM128,19,18-25,Male,Sales,Sales Representative,20100,Yes,0,4,3,Travel_Rarely,528,22,1,Marketing,1,167,50,3,1,3,Single,1675,Upto 5k,26820,1,Y,Yes,19,4,80,0,0,2,2,0,0,0
RM150,19,18-25,Female,Research & Development,Laboratory Technician,17796,No,1,2,3,Travel_Rarely,1181,3,1,Medical,1,201,79,3,1,2,Single,1483,Upto 5k,16102,1,Y,No,14,4,80,0,1,3,3,0,0,0
RM172,19,18-25,Female,Sales,Sales Representative,27900,Yes,0,3,4,Travel_Frequently,602,1,1,Technical Degree,1,235,100,1,1,1,Single,2325,Upto 5k,20989,0,Y,No,21,1,80,0,1,5,4,0,0,0
RM178,19,18-25,Male,Research & Development,Laboratory Technician,13224,Yes,1,2,4,Travel_Rarely,303,2,3,Life Sciences,1,243,47,2,1,4,Single,1102,Upto 5k,9241,1,Y,No,22,3,80,0,1,3,2,0,1,0
RM423,19,18-25,Male,Human Resources,Human Resources,30768,Yes,1,1,3,Travel_Rarely,489,2,2,Technical Degree,1,566,52,2,1,4,Single,2564,Upto 5k,18437,1,Y,No,12,3,80,0,1,3,4,0,0,0
RM689,19,18-25,Male,Sales,Sales Representative,25452,Yes,1,4,3,Travel_Rarely,419,21,3,Other,1,959,37,2,1,2,Single,2121,Upto 5k,9947,1,Y,Yes,13,2,80,0,1,3,4,0,0,0
RM854,19,18-25,Male,Research & Development,Research Scientist,30624,No,1,3,4,Travel_Rarely,645,9,2,Life Sciences,1,1193,54,3,1,1,Single,2552,Upto 5k,7172,1,Y,No,25,3,80,0,1,4,3,1,0,0
RM893,19,18-25,Female,Research & Development,Research Scientist,22308,Yes,1,1,4,Non-Travel,504,10,3,Medical,1,1248,96,2,1,2,Single,1859,Upto 5k,6148,1,Y,Yes,25,2,80,0,1,2,4,1,0,0
RM910,19,18-25,Female,Research & Development,Research Scientist,35928,No,1,2,3,Travel_Rarely,265,25,3,Life Sciences,1,1269,57,4,1,4,Single,2994,Upto 5k,21221,1,Y,Yes,12,4,80,0,1,2,3,0,0,1
RM103,20,18-25,Female,Research & Development,Laboratory Technician,35112,Yes,1,4,3,Travel_Frequently,871,6,3,Life Sciences,1,137,66,2,1,4,Single,2926,Upto 5k,19783,1,Y,Yes,18,2,80,0,1,5,3,0,1,0
RM488,20,18-25,Female,Research & Development,Research Scientist,34032,No,1,4,3,Travel_Rarely,959,1,3,Life Sciences,1,657,83,2,1,2,Single,2836,Upto 5k,11757,1,Y,No,13,4,80,0,1,0,4,0,0,0
RM514,20,18-25,Male,Research & Development,Research Scientist,12108,Yes,1,4,3,Travel_Rarely,1362,10,1,Medical,1,701,32,3,1,3,Single,1009,Upto 5k,26999,1,Y,Yes,11,4,80,0,1,5,3,0,1,1
RM663,20,18-25,Female,Sales,Sales Representative,24528,Yes,2,3,3,Travel_Rarely,500,2,3,Medical,1,922,49,2,1,3,Single,2044,Upto 5k,22052,1,Y,No,13,4,80,0,2,3,2,2,0,2
RM690,20,18-25,Male,Research & Development,Laboratory Technician,35676,Yes,1,1,3,Travel_Rarely,129,4,3,Technical Degree,1,960,84,3,1,1,Single,2973,Upto 5k,13008,1,Y,No,19,2,80,0,1,2,3,0,0,0
RM732,20,18-25,Female,Research & Development,Research Scientist,31200,Yes,1,4,3,Travel_Rarely,1097,11,3,Medical,1,1016,98,2,1,1,Single,2600,Upto 5k,18275,1,Y,Yes,15,1,80,0,1,2,3,0,0,0
RM777,20,18-25,Female,Sales,Sales Representative,27876,Yes,2,4,3,Travel_Frequently,769,9,3,Marketing,1,1077,54,3,1,4,Single,2323,Upto 5k,17205,1,Y,Yes,14,2,80,0,2,3,3,2,0,2
RM857,20,18-25,Male,Research & Development,Laboratory Technician,36396,No,2,1,3,Travel_Rarely,805,3,3,Life Sciences,1,1198,87,2,1,3,Single,3033,Upto 5k,12828,1,Y,No,12,1,80,0,2,2,2,2,1,2
RM877,20,18-25,Male,Sales,Sales Representative,32136,No,2,3,3,Travel_Rarely,654,21,3,Marketing,1,1226,43,4,1,4,Single,2678,Upto 5k,5050,1,Y,No,17,4,80,0,2,2,3,1,2,2
RM1179,20,18-25,Female,Sales,Sales Representative,33396,No,2,3,3,Travel_Rarely,1141,2,3,Medical,1,1657,31,3,1,3,Single,2783,Upto 5k,13251,1,Y,No,19,1,80,0,2,3,3,2,2,2
RM1198,20,18-25,Male,Sales,Sales Representative,32736,No,2,4,3,Travel_Rarely,727,9,1,Life Sciences,1,1680,54,3,1,1,Single,2728,Upto 5k,21082,1,Y,No,11,1,80,0,2,3,3,2,0,2
RM024,21,18-25,Male,Research & Development,Research Scientist,14784,No,0,3,3,Travel_Rarely,391,15,2,Life Sciences,1,30,96,3,1,4,Single,1232,Upto 5k,19281,1,Y,No,14,4,80,0,0,6,3,0,0,
RM275,21,18-25,Male,Research & Development,Research Scientist,38760,No,3,4,3,Travel_Rarely,996,3,2,Medical,1,379,100,2,1,3,Single,3230,Upto 5k,10531,1,Y,No,17,1,80,0,3,4,4,2,1,0
RM358,21,18-25,Female,Sales,Sales Representative,26088,Yes,3,1,3,Travel_Frequently,756,1,1,Technical Degree,1,478,99,2,1,2,Single,2174,Upto 5k,9150,1,Y,Yes,11,3,80,0,3,3,3,2,1,2
RM363,21,18-25,Male,Sales,Sales Representative,31320,No,3,1,4,Non-Travel,895,9,2,Medical,1,484,39,3,1,4,Single,2610,Upto 5k,2851,1,Y,No,24,3,80,0,3,3,2,2,2,
RM371,21,18-25,Female,Sales,Sales Representative,32592,Yes,1,3,3,Travel_Rarely,156,12,3,Life Sciences,1,494,90,4,1,2,Single,2716,Upto 5k,25422,1,Y,No,15,4,80,0,1,0,3,0,0,0
RM497,21,18-25,Male,Sales,Sales Representative,41364,No,3,3,3,Travel_Rarely,1343,22,1,Technical Degree,1,669,49,3,1,3,Single,3447,Upto 5k,24444,1,Y,No,11,3,80,0,3,2,3,2,1,2
RM664,21,18-25,Female,Research & Development,Research Scientist,32316,Yes,1,4,3,Travel_Rarely,1427,18,1,Other,1,923,65,3,1,4,Single,2693,Upto 5k,8870,1,Y,No,19,1,80,0,1,3,2,0,0,0
RM778,21,18-25,Female,Research & Development,Laboratory Technician,16992,Yes,1,3,3,Travel_Rarely,1334,10,3,Life Sciences,1,1079,36,2,1,1,Single,1416,Upto 5k,17258,1,Y,No,13,1,80,0,1,6,2,0,1,0
RM816,21,18-25,Female,Research & Development,Research Scientist,24840,No,2,4,3,Travel_Rarely,984,1,1,Technical Degree,1,1131,70,2,1,2,Single,2070,Upto 5k,25326,1,Y,Yes,11,3,80,0,2,6,4,2,2,2
RM916,21,18-25,Female,Research & Development,Laboratory Technician,31500,Yes,2,1,4,Travel_Frequently,251,10,2,Life Sciences,1,1279,45,2,1,3,Single,2625,Upto 5k,25308,1,Y,No,20,3,80,0,2,2,1,2,2,2
RM1153,21,18-25,Male,Research & Development,Research Scientist,37404,No,2,3,3,Travel_Rarely,546,5,1,Medical,1,1623,97,3,1,4,Single,3117,Upto 5k,26009,1,Y,No,18,3,80,0,3,2,3,2,2,2
RM1272,21,18-25,Male,Sales,Sales Representative,32148,Yes,1,2,3,Travel_Rarely,337,7,1,Marketing,1,1780,31,3,1,2,Single,2679,Upto 5k,4567,1,Y,No,13,2,80,0,1,3,3,0,1,0
RM1437,21,18-25,Male,Sales,Sales Representative,28560,No,2,3,3,Travel_Rarely,501,5,1,Medical,1,2021,58,3,1,1,Single,2380,Upto 5k,25479,1,Y,Yes,11,4,80,0,2,6,3,2,1,2
RM018,22,18-25,Male,Research & Development,Laboratory Technician,35220,No,1,4,3,Non-Travel,1123,16,2,Medical,1,22,96,4,1,4,Divorced,2935,Upto 5k,7324,1,Y,Yes,13,2,80,2,1,2,2,0,0,0
RM110,22,18-25,Female,Research & Development,Laboratory Technician,34452,No,0,2,3,Travel_Rarely,534,15,3,Medical,1,144,59,3,1,4,Single,2871,Upto 5k,23785,1,Y,No,15,3,80,0,1,5,3,0,0,0
RM129,22,18-25,Male,Research & Development,Laboratory Technician,30276,No,2,3,3,Travel_Rarely,594,2,1,Technical Degree,1,169,100,3,1,4,Married,2523,Upto 5k,19299,0,Y,No,14,3,80,1,3,2,3,1,2,1
RM161,22,18-25,Male,Research & Development,Research Scientist,27876,No,2,3,4,Travel_Rarely,1256,19,1,Medical,1,217,80,3,1,4,Married,2323,Upto 5k,11992,1,Y,No,24,1,80,2,2,6,3,2,2,2
RM207,22,18-25,Male,Research & Development,Research Scientist,27936,No,4,4,3,Travel_Rarely,1136,5,3,Life Sciences,1,284,60,4,1,2,Divorced,2328,Upto 5k,12392,1,Y,Yes,16,1,80,1,4,2,2,2,2,
RM384,22,18-25,Female,Research & Development,Research Scientist,26928,No,2,1,3,Travel_Rarely,253,11,3,Medical,1,511,43,3,1,2,Married,2244,Upto 5k,24440,1,Y,No,13,4,80,1,2,1,3,1,1,2
RM444,22,18-25,Male,Research & Development,Laboratory Technician,46728,Yes,2,3,3,Travel_Frequently,1368,4,1,Technical Degree,1,593,99,2,1,3,Single,3894,Upto 5k,9129,5,Y,No,16,3,80,0,4,3,3,2,1,2
RM499,22,18-25,Male,Research & Development,Research Scientist,33276,No,2,1,4,Travel_Rarely,604,6,1,Medical,1,675,69,3,1,3,Married,2773,Upto 5k,12145,0,Y,No,20,4,80,0,3,3,3,2,2,2
RM631,22,18-25,Male,Research & Development,Manufacturing Director,57300,No,2,4,4,Travel_Rarely,1230,1,2,Life Sciences,1,872,33,2,2,4,Married,4775,Upto 5k,19146,6,Y,No,22,1,80,2,4,2,1,2,2,2
RM667,22,18-25,Female,Research & Development,Manufacturing Director,50052,Yes,3,2,3,Travel_Rarely,617,3,1,Life Sciences,1,926,34,3,2,3,Married,4171,Upto 5k,10022,0,Y,Yes,19,1,80,1,4,3,4,2,0,2
RM735,22,18-25,Male,Research & Development,Laboratory Technician,29412,No,4,2,3,Travel_Rarely,217,8,1,Life Sciences,1,1019,94,1,1,1,Married,2451,Upto 5k,6881,1,Y,No,15,1,80,1,4,3,2,3,1,1
RM861,22,18-25,Male,Research & Development,Research Scientist,34236,Yes,0,3,3,Travel_Frequently,1256,3,4,Life Sciences,1,1203,48,2,1,4,Married,2853,Upto 5k,4223,0,Y,Yes,11,2,80,1,1,5,3,0,0,0
RM1138,22,18-25,Female,Research & Development,Research Scientist,33768,No,4,2,3,Non-Travel,457,26,2,Other,1,1605,85,2,1,3,Married,2814,Upto 5k,10293,1,Y,Yes,14,2,80,0,4,2,2,2,1,3
RM1274,22,18-25,Female,Research & Development,Laboratory Technician,28776,Yes,1,3,3,Travel_Rarely,1294,8,1,Medical,1,1783,79,3,1,1,Married,2398,Upto 5k,15999,1,Y,Yes,17,3,80,0,1,6,3,0,0,0
RM1340,22,18-25,Male,Research & Development,Research Scientist,29664,Yes,1,4,4,Travel_Rarely,391,7,1,Life Sciences,1,1878,75,3,1,2,Single,2472,Upto 5k,26092,1,Y,Yes,23,1,80,0,1,2,3,0,0,0
RM1424,22,18-25,Male,Research & Development,Research Scientist,40500,No,3,4,3,Travel_Rarely,581,1,2,Life Sciences,1,2007,63,3,1,3,Single,3375,Upto 5k,17624,0,Y,No,12,4,80,0,4,2,4,2,1,2
RM087,23,18-25,Male,Sales,Sales Representative,27864,No,0,3,3,Travel_Rarely,541,2,1,Technical Degree,1,113,62,3,1,1,Divorced,2322,Upto 5k,9518,3,Y,No,13,3,80,1,3,3,3,0,0,0
RM346,23,18-25,Male,Research & Development,Research Scientist,34848,No,4,3,3,Travel_Rarely,1309,26,1,Life Sciences,1,465,83,3,1,4,Divorced,2904,Upto 5k,16092,1,Y,No,12,3,80,2,4,2,2,2,0,2
RM517,23,18-25,Male,Research & Development,Research Scientist,33828,No,3,1,3,Travel_Rarely,885,4,3,Medical,1,705,58,4,1,1,Married,2819,Upto 5k,8544,2,Y,No,16,1,80,1,5,3,4,2,0,2
RM551,23,18-25,Male,Research & Development,Laboratory Technician,30000,No,4,2,3,Travel_Rarely,650,9,1,Medical,1,758,37,3,1,1,Married,2500,Upto 5k,4344,1,Y,No,14,4,80,1,5,2,4,3,0,2
RM566,23,18-25,Male,Research & Development,Research Scientist,42060,No,2,1,3,Travel_Rarely,310,10,1,Medical,1,784,79,4,1,3,Single,3505,Upto 5k,19630,1,Y,No,18,4,80,0,2,3,3,2,0,2
RM586,23,18-25,Male,Research & Development,Laboratory Technician,19212,Yes,0,3,4,Travel_Rarely,1243,6,3,Life Sciences,1,811,63,4,1,1,Married,1601,Upto 5k,3445,1,Y,Yes,21,3,80,2,1,2,3,0,0,0
RM911,23,18-25,Male,Research & Development,Research Scientist,14676,No,1,4,4,Travel_Rarely,373,1,2,Life Sciences,1,1270,47,3,1,3,Married,1223,Upto 5k,16901,1,Y,No,22,4,80,1,1,2,3,0,0,1
RM1083,23,18-25,Male,Research & Development,Laboratory Technician,27264,No,4,1,3,Travel_Rarely,507,20,1,Life Sciences,1,1533,97,3,2,3,Single,2272,Upto 5k,24812,0,Y,No,14,2,80,0,5,2,3,3,1,2
RM1128,23,18-25,Male,Research & Development,Research Scientist,24876,No,2,4,3,Travel_Rarely,977,10,3,Technical Degree,1,1592,45,4,1,3,Married,2073,Upto 5k,12826,2,Y,No,16,4,80,1,4,2,3,2,2,2
RM1202,23,18-25,Male,Research & Development,Laboratory Technician,47868,Yes,5,4,3,Travel_Rarely,1320,8,1,Medical,1,1684,93,2,1,3,Single,3989,Upto 5k,20586,1,Y,Yes,11,1,80,0,5,2,3,4,1,2
RM1214,23,18-25,Male,Sales,Sales Representative,27300,Yes,3,3,4,Travel_Rarely,427,7,3,Life Sciences,1,1702,99,3,1,4,Divorced,2275,Upto 5k,25103,1,Y,Yes,21,2,80,1,3,2,3,2,0,2
RM1239,23,18-25,Female,Research & Development,Laboratory Technician,39540,No,3,3,3,Travel_Rarely,160,4,1,Medical,1,1735,51,3,1,2,Single,3295,Upto 5k,12862,1,Y,No,13,3,80,0,3,3,1,2,1,2
RM1409,23,18-25,Male,Research & Development,Laboratory Technician,31764,No,5,4,3,Travel_Rarely,571,12,2,Other,1,1982,78,3,1,4,Single,2647,Upto 5k,13672,1,Y,No,13,3,80,0,5,6,4,2,1,4
RM1439,23,18-25,Male,Sales,Sales Representative,21480,Yes,1,4,3,Travel_Frequently,638,9,3,Marketing,1,2023,33,3,1,1,Married,1790,Upto 5k,26956,1,Y,No,19,1,80,1,1,3,2,0,1,0
RM021,24,18-25,Female,Research & Development,Manufacturing Director,48132,No,4,1,3,Non-Travel,673,11,2,Other,1,26,96,4,2,3,Divorced,4011,Upto 5k,8232,0,Y,No,18,4,80,1,5,5,2,2,1,3
RM035,24,18-25,Male,Research & Development,Research Scientist,27516,Yes,2,2,3,Travel_Rarely,813,1,3,Medical,1,45,61,3,1,4,Married,2293,Upto 5k,3020,2,Y,Yes,16,1,80,1,6,2,2,0,2,0
RM097,24,18-25,Female,Sales,Sales Executive,59988,No,3,1,4,Travel_Rarely,1353,3,2,Other,1,128,33,3,2,3,Married,4999,Upto 5k,17519,0,Y,No,21,1,80,1,4,2,2,2,0,2
RM114,24,18-25,Male,Research & Development,Laboratory Technician,33288,No,5,2,3,Travel_Rarely,1127,18,1,Life Sciences,1,150,52,3,1,3,Married,2774,Upto 5k,13257,0,Y,No,12,3,80,1,6,2,3,3,1,2
RM381,24,18-25,Female,Sales,Sales Executive,51120,No,5,4,3,Travel_Rarely,1371,10,4,Marketing,1,507,77,3,2,3,Divorced,4260,Upto 5k,5915,1,Y,Yes,12,4,80,1,5,2,4,2,0,3
RM415,24,18-25,Female,Sales,Sales Representative,38424,Yes,5,1,3,Travel_Rarely,1448,1,1,Technical Degree,1,554,62,3,1,2,Single,3202,Upto 5k,21972,1,Y,Yes,16,2,80,0,6,4,3,3,1,4
RM471,24,18-25,Male,Sales,Sales Representative,28800,No,2,4,3,Travel_Frequently,535,24,3,Medical,1,632,38,3,1,4,Married,2400,Upto 5k,5530,0,Y,No,13,3,80,2,3,3,3,2,2,1
RM475,24,18-25,Male,Research & Development,Research Scientist,32700,No,6,2,3,Travel_Rarely,691,23,3,Medical,1,639,89,4,1,4,Married,2725,Upto 5k,21630,1,Y,Yes,11,2,80,2,6,3,3,5,1,4
RM477,24,18-25,Male,Research & Development,Laboratory Technician,25524,No,1,4,4,Travel_Rarely,823,17,2,Other,1,643,94,2,1,2,Married,2127,Upto 5k,9100,1,Y,No,21,4,80,1,1,2,3,0,0,0
RM480,24,18-25,Female,Research & Development,Laboratory Technician,34632,Yes,6,1,3,Travel_Frequently,1287,7,3,Life Sciences,1,647,55,3,1,3,Married,2886,Upto 5k,14168,1,Y,Yes,16,4,80,1,6,4,3,3,1,2
RM526,24,18-25,Female,Sales,Sales Executive,54924,Yes,2,1,3,Travel_Rarely,693,3,2,Life Sciences,1,720,65,3,2,3,Single,4577,Upto 5k,24785,9,Y,No,14,1,80,0,4,3,3,2,2,0
RM587,24,18-25,Male,Research & Development,Laboratory Technician,32328,No,1,3,3,Non-Travel,1092,9,3,Life Sciences,1,812,60,2,1,2,Divorced,2694,Upto 5k,26551,1,Y,No,11,3,80,3,1,4,3,0,0,0
RM641,24,18-25,Male,Research & Development,Laboratory Technician,37944,No,5,1,3,Non-Travel,1269,4,1,Life Sciences,1,888,46,2,1,4,Married,3162,Upto 5k,10778,0,Y,No,17,4,80,0,6,2,2,2,3,4
RM725,24,18-25,Female,Research & Development,Manufacturing Director,52524,No,4,4,3,Travel_Rarely,1206,17,1,Medical,1,1009,41,2,2,3,Divorced,4377,Upto 5k,24117,1,Y,No,15,2,80,2,5,6,3,2,3,2
RM842,24,18-25,Male,Research & Development,Laboratory Technician,43164,No,4,4,4,Travel_Rarely,477,24,3,Medical,1,1173,49,3,1,2,Single,3597,Upto 5k,6409,8,Y,No,22,4,80,0,6,2,3,3,1,2
RM872,24,18-25,Female,Research & Development,Laboratory Technician,26520,Yes,1,4,3,Travel_Rarely,984,17,2,Life Sciences,1,1219,97,3,1,2,Married,2210,Upto 5k,3372,1,Y,No,13,1,80,1,1,3,1,0,0,0
RM1026,24,18-25,Female,Sales,Sales Executive,49944,No,5,4,3,Travel_Rarely,1476,4,1,Medical,1,1445,42,3,2,3,Married,4162,Upto 5k,15211,1,Y,Yes,12,3,80,2,5,3,3,4,0,3
RM1061,24,18-25,Male,Research & Development,Laboratory Technician,38064,Yes,0,2,3,Travel_Frequently,381,9,3,Medical,1,1494,89,3,1,1,Single,3172,Upto 5k,16998,2,Y,Yes,11,3,80,0,4,2,2,0,0,0
RM1062,24,18-25,Female,Sales,Sales Representative,24396,No,1,4,3,Non-Travel,830,13,2,Life Sciences,1,1495,78,3,1,2,Married,2033,Upto 5k,7103,1,Y,No,13,3,80,1,1,2,3,0,0,0
RM1098,24,18-25,Male,Research & Development,Laboratory Technician,27552,No,1,3,3,Travel_Rarely,350,21,2,Technical Degree,1,1551,57,2,1,1,Divorced,2296,Upto 5k,10036,0,Y,No,14,2,80,3,2,3,3,1,0,0
RM1169,24,18-25,Female,Research & Development,Research Scientist,45120,No,6,1,3,Travel_Frequently,567,2,1,Technical Degree,1,1646,32,3,1,4,Single,3760,Upto 5k,17218,1,Y,Yes,13,3,80,0,6,2,3,3,1,3
RM1218,24,18-25,Male,Research & Development,Research Scientist,52812,No,5,3,3,Travel_Rarely,581,9,3,Medical,1,1707,62,4,1,3,Married,4401,Upto 5k,17616,1,Y,No,16,4,80,1,5,1,3,3,0,4
RM1223,24,18-25,Male,Human Resources,Human Resources,18660,Yes,1,4,3,Travel_Rarely,240,22,1,Human Resources,1,1714,58,1,1,3,Married,1555,Upto 5k,11585,1,Y,No,11,3,80,1,1,2,3,0,0,0
RM1231,24,18-25,Male,Research & Development,Laboratory Technician,46884,No,6,2,3,Travel_Rarely,506,29,1,Medical,1,1725,91,3,1,1,Divorced,3907,Upto 5k,3622,1,Y,No,13,2,80,3,6,2,4,2,1,2
RM1246,24,18-25,Male,Human Resources,Human Resources,25740,No,2,1,3,Travel_Frequently,897,10,3,Medical,1,1746,59,3,1,4,Married,2145,Upto 5k,2097,0,Y,No,14,4,80,1,3,2,3,2,2,1
RM1408,24,18-25,Male,Research & Development,Healthcare Representative,55404,No,4,2,3,Travel_Rarely,771,1,2,Life Sciences,1,1981,45,2,2,3,Single,4617,Upto 5k,14120,1,Y,No,12,2,80,0,4,2,2,3,1,2
RM108,25,18-25,Male,Sales,Sales Executive,68928,Yes,6,3,3,Travel_Rarely,240,5,3,Marketing,1,142,46,2,2,3,Single,5744,5k-10k,26959,1,Y,Yes,11,4,80,0,6,1,3,4,0,3
RM109,25,18-25,Male,Research & Development,Research Scientist,34668,No,2,4,3,Travel_Rarely,1280,7,1,Medical,1,143,64,2,1,4,Married,2889,Upto 5k,26897,1,Y,No,11,3,80,2,2,2,3,2,2,1
RM139,25,18-25,Male,Sales,Sales Executive,103668,No,2,1,3,Travel_Rarely,959,28,3,Life Sciences,1,183,41,2,2,3,Married,8639,5k-10k,24835,2,Y,No,18,4,80,0,6,3,3,2,2,
RM256,25,18-25,Female,Research & Development,Manufacturing Director,58776,No,4,1,3,Travel_Rarely,685,1,3,Life Sciences,1,350,62,3,2,3,Married,4898,Upto 5k,7505,0,Y,No,12,4,80,2,5,3,3,2,1,
RM268,25,18-25,Male,Research & Development,Healthcare Representative,48000,No,6,2,3,Non-Travel,675,5,2,Life Sciences,1,369,85,4,2,1,Divorced,4000,Upto 5k,18384,1,Y,No,12,4,80,2,6,2,3,3,1,5
RM398,25,18-25,Female,Sales,Sales Executive,53844,No,5,2,3,Travel_Rarely,891,4,2,Life Sciences,1,527,99,2,2,4,Single,4487,Upto 5k,12090,1,Y,Yes,11,2,80,0,5,3,3,4,1,3
RM406,25,18-25,Male,Research & Development,Laboratory Technician,48372,Yes,2,1,3,Travel_Rarely,688,3,3,Medical,1,538,91,3,1,1,Married,4031,Upto 5k,9396,5,Y,No,13,3,80,1,6,5,3,2,0,
RM479,25,18-25,Male,Sales,Sales Representative,25152,No,7,2,3,Travel_Rarely,622,13,1,Medical,1,645,40,3,1,3,Married,2096,Upto 5k,26376,1,Y,No,11,3,80,0,7,1,3,4,0,6
RM518,25,18-25,Male,Sales,Sales Executive,58212,No,3,4,4,Travel_Rarely,810,8,3,Life Sciences,1,707,57,4,2,2,Married,4851,Upto 5k,15678,0,Y,No,22,3,80,1,4,4,3,2,1,2
RM564,25,18-25,Female,Sales,Sales Executive,74160,No,6,3,4,Travel_Rarely,883,26,1,Medical,1,781,32,3,2,4,Single,6180,5k-10k,22807,1,Y,No,23,2,80,0,6,5,2,5,1,4
RM619,25,18-25,Male,Research & Development,Research Scientist,41088,No,4,1,3,Travel_Rarely,180,2,1,Medical,1,854,65,4,1,1,Single,3424,Upto 5k,21632,7,Y,No,13,3,80,0,6,3,2,3,0,1
RM635,25,18-25,Male,Sales,Sales Executive,50328,No,5,3,3,Travel_Rarely,141,3,1,Other,1,879,98,3,2,1,Married,4194,Upto 5k,14363,1,Y,Yes,18,4,80,0,5,3,3,3,0,3
RM639,25,18-25,Male,Sales,Sales Executive,51072,No,5,3,3,Travel_Rarely,583,4,1,Marketing,1,885,87,2,2,1,Married,4256,Upto 5k,18154,1,Y,No,12,1,80,0,5,1,4,2,0,3
RM684,25,18-25,Male,Sales,Sales Representative,28956,Yes,1,3,3,Travel_Rarely,867,19,2,Marketing,1,952,36,2,1,2,Married,2413,Upto 5k,18798,1,Y,Yes,18,3,80,3,1,2,3,0,0,0
RM797,25,18-25,Male,Research & Development,Laboratory Technician,44292,Yes,7,4,3,Travel_Rarely,1219,4,1,Technical Degree,1,1106,32,3,1,4,Married,3691,Upto 5k,4605,1,Y,Yes,15,2,80,1,7,3,4,7,5,6
RM886,25,18-25,Male,Sales,Sales Executive,59400,No,4,3,3,Travel_Rarely,1356,10,4,Life Sciences,1,1240,57,3,2,4,Single,4950,Upto 5k,20623,0,Y,No,14,2,80,0,5,4,3,3,1,1
RM912,25,18-25,Male,Sales,Sales Representative,13416,Yes,1,3,3,Travel_Frequently,599,24,1,Life Sciences,1,1273,73,1,1,4,Single,1118,Upto 5k,8040,1,Y,Yes,14,4,80,0,1,4,3,0,1,0
RM935,25,18-25,Female,Research & Development,Research Scientist,25152,No,2,4,3,Travel_Rarely,266,1,3,Medical,1,1303,40,3,1,2,Single,2096,Upto 5k,18830,1,Y,No,18,4,80,0,2,3,2,2,2,1
RM966,25,18-25,Male,Research & Development,Laboratory Technician,44028,No,3,4,3,Travel_Rarely,882,19,1,Medical,1,1358,67,3,1,4,Married,3669,Upto 5k,9075,3,Y,No,11,3,80,3,7,6,2,2,1,2
RM994,25,18-25,Male,Sales,Sales Executive,74784,No,3,1,3,Travel_Rarely,1372,18,1,Life Sciences,1,1399,93,4,2,3,Married,6232,5k-10k,12477,2,Y,No,11,2,80,0,6,3,2,2,1,2
RM1004,25,18-25,Male,Research & Development,Laboratory Technician,38748,No,3,1,3,Travel_Rarely,949,1,3,Technical Degree,1,1415,81,3,1,4,Married,3229,Upto 5k,4910,4,Y,No,11,2,80,1,7,2,2,2,0,2
RM1022,25,18-25,Male,Sales,Sales Representative,52800,Yes,3,1,3,Travel_Rarely,383,9,2,Life Sciences,1,1439,68,2,1,1,Married,4400,Upto 5k,15182,3,Y,No,12,1,80,0,6,2,3,2,2,2
RM1175,25,18-25,Male,Research & Development,Manufacturing Director,62472,No,7,4,3,Travel_Frequently,772,2,1,Life Sciences,1,1653,77,4,2,3,Divorced,5206,5k-10k,4973,1,Y,No,17,3,80,2,7,6,3,7,0,7
RM1412,25,18-25,Female,Human Resources,Human Resources,26244,No,2,3,3,Travel_Rarely,309,2,3,Human Resources,1,1987,82,3,1,2,Married,2187,Upto 5k,19655,4,Y,No,14,3,80,0,6,3,3,0,1,2
RM1414,25,18-25,Male,Research & Development,Laboratory Technician,47724,No,2,4,3,Travel_Rarely,977,2,1,Other,1,1992,57,3,1,3,Divorced,3977,Upto 5k,7298,6,Y,Yes,19,3,80,1,7,2,2,2,0,2
RM1434,25,18-25,Female,Sales,Sales Executive,58884,No,5,1,4,Travel_Rarely,1382,8,2,Other,1,2018,85,3,2,3,Divorced,4907,Upto 5k,13684,0,Y,Yes,22,2,80,1,6,3,2,3,0,4
RM043,26,26-35,Male,Research & Development,Laboratory Technician,27516,Yes,1,1,3,Travel_Rarely,1357,25,3,Life Sciences,1,55,48,1,1,3,Single,2293,Upto 5k,10558,1,Y,No,12,3,80,0,1,2,2,0,0,1
RM055,26,26-35,Female,Sales,Sales Executive,49884,No,2,3,3,Travel_Rarely,1443,23,3,Marketing,1,72,47,2,2,4,Married,4157,Upto 5k,21436,7,Y,Yes,19,3,80,1,5,2,2,2,0,0
RM126,26,26-35,Female,Research & Development,Research Scientist,28416,No,5,3,3,Travel_Rarely,841,6,3,Other,1,164,46,2,1,2,Married,2368,Upto 5k,23300,1,Y,No,19,3,80,0,5,3,2,4,4,3
RM135,26,26-35,Female,Human Resources,Human Resources,35304,No,8,3,4,Travel_Rarely,1355,25,1,Life Sciences,1,177,61,3,1,3,Married,2942,Upto 5k,8916,1,Y,No,23,4,80,1,8,3,3,7,5,7
RM279,26,26-35,Female,Research & Development,Manufacturing Director,76764,No,6,3,4,Travel_Frequently,1479,1,3,Life Sciences,1,384,84,3,2,2,Divorced,6397,5k-10k,26767,1,Y,No,20,1,80,1,6,6,1,5,1,4
RM285,26,26-35,Male,Research & Development,Healthcare Representative,56892,No,5,1,3,Travel_Frequently,496,11,2,Medical,1,390,60,3,2,1,Married,4741,Upto 5k,22722,1,Y,Yes,13,3,80,1,5,3,3,3,3,3
RM289,26,26-35,Male,Research & Development,Laboratory Technician,28476,Yes,3,1,3,Travel_Rarely,1449,16,4,Medical,1,394,45,3,1,2,Divorced,2373,Upto 5k,14180,2,Y,Yes,13,4,80,1,5,2,3,2,0,2
RM294,26,26-35,Male,Sales,Sales Executive,69936,Yes,8,4,3,Travel_Rarely,950,4,4,Marketing,1,401,48,2,2,4,Single,5828,5k-10k,8450,1,Y,Yes,12,2,80,0,8,0,3,7,7,4
RM356,26,26-35,Male,Sales,Sales Executive,63552,No,8,3,3,Travel_Rarely,933,1,3,Life Sciences,1,476,57,3,2,3,Married,5296,5k-10k,20156,1,Y,No,17,2,80,1,8,3,3,7,7,7
RM383,26,26-35,Male,Research & Development,Research Scientist,37224,Yes,6,3,4,Travel_Frequently,575,3,1,Technical Degree,1,510,73,3,1,1,Single,3102,Upto 5k,6582,0,Y,No,22,3,80,0,7,2,3,4,0,4
RM419,26,26-35,Female,Research & Development,Research Scientist,34632,No,3,1,4,Travel_Rarely,1349,23,3,Life Sciences,1,560,90,3,1,4,Divorced,2886,Upto 5k,3032,1,Y,No,22,2,80,2,3,3,1,2,0,2
RM454,26,26-35,Female,Human Resources,Human Resources,32892,Yes,7,2,3,Travel_Frequently,426,17,4,Life Sciences,1,608,58,3,1,3,Divorced,2741,Upto 5k,22808,0,Y,Yes,11,2,80,1,8,2,2,7,1,0
RM461,26,26-35,Male,Sales,Sales Executive,51672,No,0,1,3,Travel_Rarely,775,29,2,Medical,1,618,45,3,2,3,Divorced,4306,Upto 5k,4267,5,Y,No,12,1,80,2,8,5,3,0,0,0
RM464,26,26-35,Male,Research & Development,Laboratory Technician,28080,Yes,1,3,3,Travel_Rarely,471,24,3,Technical Degree,1,622,66,1,1,4,Single,2340,Upto 5k,23213,1,Y,Yes,18,2,80,0,1,3,1,0,0,0
RM476,26,26-35,Male,Sales,Sales Executive,75264,No,5,1,4,Travel_Rarely,703,28,2,Marketing,1,641,66,3,2,2,Married,6272,5k-10k,7428,1,Y,No,20,4,80,2,6,5,4,3,1,4
RM506,26,26-35,Female,Research & Development,Laboratory Technician,31908,No,3,3,3,Travel_Rarely,991,6,3,Life Sciences,1,686,71,3,1,4,Married,2659,Upto 5k,17759,1,Y,Yes,13,3,80,1,3,2,3,2,0,2
RM572,26,26-35,Female,Research & Development,Laboratory Technician,52368,No,2,1,3,Travel_Frequently,575,1,2,Life Sciences,1,792,71,1,1,4,Divorced,4364,Upto 5k,5288,3,Y,No,14,1,80,1,5,2,3,2,2,0
RM574,26,26-35,Male,Sales,Sales Executive,63912,Yes,4,4,3,Travel_Rarely,1146,8,3,Technical Degree,1,796,38,2,2,1,Single,5326,5k-10k,3064,6,Y,No,17,3,80,0,6,2,2,3,1,2
RM615,26,26-35,Female,Research & Development,Research Scientist,28392,Yes,8,3,3,Travel_Frequently,887,5,2,Medical,1,848,88,2,1,3,Married,2366,Upto 5k,20898,1,Y,Yes,14,1,80,1,8,2,3,7,1,7
RM686,26,26-35,Male,Sales,Sales Executive,51528,No,7,3,3,Travel_Frequently,1283,1,3,Medical,1,956,52,2,2,1,Single,4294,Upto 5k,11148,1,Y,No,12,2,80,0,7,2,3,7,0,7
RM734,26,26-35,Male,Research & Development,Manufacturing Director,65664,No,8,4,3,Travel_Rarely,1066,2,2,Medical,1,1018,32,4,2,4,Married,5472,5k-10k,3334,1,Y,No,12,2,80,0,8,2,3,7,1,3
RM749,26,26-35,Male,Sales,Sales Executive,59628,Yes,2,2,3,Non-Travel,265,29,2,Medical,1,1037,79,1,2,1,Single,4969,Upto 5k,21813,8,Y,No,18,4,80,0,7,6,3,2,2,2
RM763,26,26-35,Male,Research & Development,Research Scientist,24504,Yes,3,1,3,Travel_Frequently,342,2,3,Life Sciences,1,1053,57,3,1,1,Married,2042,Upto 5k,15346,6,Y,Yes,14,2,80,1,6,2,3,2,1,2
RM770,26,26-35,Female,Research & Development,Research Scientist,24084,No,5,1,3,Travel_Frequently,921,1,1,Medical,1,1068,66,2,1,3,Divorced,2007,Upto 5k,25265,1,Y,No,13,3,80,2,5,5,3,3,1,3
RM782,26,26-35,Male,Research & Development,Laboratory Technician,47460,No,5,1,3,Travel_Rarely,192,1,2,Medical,1,1083,59,2,1,1,Married,3955,Upto 5k,11141,1,Y,No,16,1,80,2,6,2,3,3,1,3
RM798,26,26-35,Male,Research & Development,Laboratory Technician,28524,Yes,1,1,4,Travel_Rarely,1330,21,3,Medical,1,1107,37,3,1,3,Divorced,2377,Upto 5k,19373,1,Y,No,20,3,80,1,1,0,2,1,0,0
RM844,26,26-35,Male,Research & Development,Laboratory Technician,53040,No,8,1,4,Travel_Rarely,1384,3,4,Medical,1,1177,82,4,1,4,Married,4420,Upto 5k,13421,1,Y,No,22,2,80,1,8,2,3,7,0,7
RM913,26,26-35,Male,Research & Development,Research Scientist,34500,No,8,3,4,Travel_Rarely,583,4,2,Life Sciences,1,1275,53,3,1,4,Single,2875,Upto 5k,9973,1,Y,Yes,20,2,80,0,8,2,2,5,2,2
RM999,26,26-35,Male,Research & Development,Research Scientist,46848,No,4,1,3,Travel_Rarely,683,2,1,Medical,1,1407,36,2,1,4,Single,3904,Upto 5k,4050,0,Y,No,12,4,80,0,5,2,3,3,1,1
RM1005,26,26-35,Male,Research & Development,Laboratory Technician,42936,No,7,3,3,Travel_Rarely,652,7,3,Other,1,1417,100,4,1,1,Single,3578,Upto 5k,23577,0,Y,No,12,4,80,0,8,2,3,7,0,7
RM1119,26,26-35,Female,Research & Development,Research Scientist,24732,No,1,1,4,Travel_Rarely,474,3,3,Life Sciences,1,1581,89,3,1,4,Married,2061,Upto 5k,11133,1,Y,No,21,1,80,0,1,5,3,0,0,0
RM1207,26,26-35,Male,Research & Development,Laboratory Technician,30840,No,7,4,4,Non-Travel,786,7,3,Medical,1,1693,76,3,1,4,Single,2570,Upto 5k,11925,1,Y,No,20,3,80,0,7,5,3,7,5,7
RM1225,26,26-35,Male,Research & Development,Laboratory Technician,27660,No,3,4,3,Travel_Rarely,390,17,4,Medical,1,1718,62,1,1,3,Married,2305,Upto 5k,6217,1,Y,No,15,3,80,3,3,3,4,2,0,2
RM1298,26,26-35,Female,Human Resources,Human Resources,25776,Yes,5,4,3,Travel_Rarely,920,20,2,Medical,1,1818,69,3,1,2,Married,2148,Upto 5k,6889,0,Y,Yes,11,3,80,0,6,3,3,1,1,4
RM1310,26,26-35,Male,Sales,Sales Executive,56208,No,5,3,3,Travel_Rarely,572,10,3,Medical,1,1836,46,3,2,4,Single,4684,Upto 5k,9125,1,Y,No,13,1,80,0,5,4,3,3,1,2
RM1350,26,26-35,Female,Research & Development,Research Scientist,35196,No,1,2,3,Travel_Rarely,482,1,2,Life Sciences,1,1893,90,2,1,3,Married,2933,Upto 5k,14908,1,Y,Yes,13,3,80,1,1,3,2,0,1,0
RM1362,26,26-35,Male,Research & Development,Laboratory Technician,30528,No,7,3,3,Travel_Frequently,1096,6,3,Other,1,1918,61,4,1,4,Married,2544,Upto 5k,7102,0,Y,No,18,1,80,1,8,3,3,7,7,7
RM1387,26,26-35,Male,Research & Development,Laboratory Technician,34404,No,7,3,3,Travel_Rarely,157,1,3,Medical,1,1952,95,3,1,1,Single,2867,Upto 5k,20006,0,Y,No,13,4,80,0,8,6,2,7,7,6
RM1465,26,26-35,Female,Sales,Sales Representative,35592,No,4,4,3,Travel_Rarely,1167,5,3,Other,1,2060,30,2,1,3,Single,2966,Upto 5k,21378,0,Y,No,18,4,80,0,5,2,3,2,0,0
RM1465,26,26-35,Female,Sales,Sales Representative,35592,No,4,4,3,Travel_Rarely,1167,5,3,Other,1,2060,30,2,1,3,Single,2966,Upto 5k,21378,0,Y,No,18,4,80,0,5,2,3,2,0,5
RM005,27,26-35,Male,Research & Development,Laboratory Technician,41616,No,2,1,3,Travel_Rarely,591,2,1,Medical,1,7,40,3,1,2,Married,3468,Upto 5k,16632,9,Y,No,12,4,80,1,6,3,3,2,2,2
RM042,27,26-35,Female,Research & Development,Laboratory Technician,28092,No,1,4,3,Travel_Rarely,1240,2,4,Life Sciences,1,54,33,3,1,1,Divorced,2341,Upto 5k,19715,1,Y,No,13,4,80,1,1,6,3,0,0,0
RM044,27,26-35,Male,Sales,Sales Executive,104712,No,9,4,3,Travel_Frequently,994,8,3,Life Sciences,1,56,37,3,3,3,Single,8726,5k-10k,2975,1,Y,No,15,4,80,0,9,0,3,8,1,7
RM162,27,26-35,Male,Research & Development,Research Scientist,24288,No,2,4,3,Non-Travel,691,9,3,Medical,1,218,57,3,1,2,Divorced,2024,Upto 5k,5970,6,Y,No,18,4,80,1,6,1,1,2,2,2
RM165,27,26-35,Male,Research & Development,Research Scientist,30792,No,1,3,3,Non-Travel,1450,3,3,Medical,1,224,79,2,1,3,Divorced,2566,Upto 5k,25326,1,Y,Yes,15,4,80,1,1,2,2,1,0,1
RM171,27,26-35,Male,Research & Development,Research Scientist,36696,No,5,3,3,Travel_Rarely,1157,17,3,Technical Degree,1,233,51,3,1,2,Married,3058,Upto 5k,13364,0,Y,Yes,16,4,80,1,6,3,2,2,1,1
RM192,27,26-35,Female,Research & Development,Research Scientist,27348,No,7,4,3,Travel_Rarely,894,9,3,Medical,1,260,99,3,1,2,Single,2279,Upto 5k,11781,1,Y,No,16,4,80,0,7,2,2,7,0,3
RM201,27,26-35,Male,Research & Development,Manufacturing Director,51576,No,2,3,3,Travel_Frequently,472,1,1,Technical Degree,1,274,60,2,2,1,Married,4298,Upto 5k,9679,5,Y,No,19,3,80,1,6,1,3,2,2,0
RM213,27,26-35,Female,Sales,Sales Executive,119772,No,7,4,3,Travel_Frequently,1242,20,3,Life Sciences,1,293,90,3,2,3,Single,9981,5k-10k,12916,1,Y,No,14,4,80,0,7,2,3,7,0,7
RM319,27,26-35,Female,Research & Development,Research Scientist,29736,No,4,3,3,Travel_Rarely,1220,5,3,Life Sciences,1,434,85,3,1,2,Single,2478,Upto 5k,20938,1,Y,Yes,12,2,80,0,4,2,2,3,1,2
RM321,27,26-35,Male,Sales,Sales Executive,53736,No,5,4,3,Travel_Rarely,1377,2,3,Life Sciences,1,437,74,3,2,3,Single,4478,Upto 5k,5242,1,Y,Yes,11,1,80,0,5,3,3,4,0,4
RM332,27,26-35,Male,Sales,Sales Executive,76188,No,5,3,3,Non-Travel,210,1,1,Marketing,1,449,73,3,2,2,Married,6349,5k-10k,22107,0,Y,Yes,13,4,80,1,6,0,3,4,1,4
RM340,27,26-35,Female,Sales,Sales Executive,74568,No,8,2,3,Travel_Rarely,1130,8,4,Marketing,1,458,56,3,2,2,Married,6214,5k-10k,3415,1,Y,No,18,1,80,1,8,3,3,7,0,7
RM374,27,26-35,Male,Research & Development,Laboratory Technician,45792,No,5,4,3,Travel_Rarely,1469,1,2,Medical,1,497,82,3,1,2,Divorced,3816,Upto 5k,17881,1,Y,No,11,2,80,1,5,2,3,2,0,4
RM486,27,26-35,Female,Research & Development,Research Scientist,26244,No,5,1,3,Travel_Rarely,798,6,4,Medical,1,655,66,2,1,3,Divorced,2187,Upto 5k,5013,0,Y,No,12,3,80,2,6,5,2,3,0,3
RM496,27,26-35,Male,Sales,Sales Representative,36492,Yes,4,3,3,Travel_Rarely,1420,2,1,Marketing,1,667,85,3,1,1,Divorced,3041,Upto 5k,16346,0,Y,No,11,2,80,1,5,3,3,3,0,2
RM513,27,26-35,Male,Research & Development,Research Scientist,24540,No,4,1,3,Travel_Rarely,1115,3,4,Medical,1,700,54,2,1,4,Single,2045,Upto 5k,15174,0,Y,No,13,4,80,0,5,0,3,2,1,1
RM522,27,26-35,Female,Sales,Sales Executive,55764,No,6,4,4,Travel_Frequently,1410,3,1,Medical,1,714,71,4,2,4,Divorced,4647,Upto 5k,16673,1,Y,Yes,20,2,80,2,6,3,3,5,0,4
RM531,27,26-35,Female,Research & Development,Manufacturing Director,88944,No,9,3,3,Travel_Rarely,608,1,2,Life Sciences,1,725,68,3,3,1,Married,7412,5k-10k,6009,1,Y,No,11,4,80,0,9,3,3,7,0,7
RM538,27,26-35,Male,Research & Development,Manufacturing Director,105516,No,9,4,4,Travel_Frequently,294,10,2,Life Sciences,1,733,32,3,3,1,Divorced,8793,5k-10k,4809,1,Y,No,21,3,80,2,9,4,2,7,1,7
RM555,27,26-35,Female,Research & Development,Healthcare Representative,81732,No,7,4,3,Travel_Rarely,975,7,3,Medical,1,764,55,2,2,1,Single,6811,5k-10k,23398,8,Y,No,19,1,80,0,9,2,1,6,0,7
RM577,27,26-35,Male,Sales,Sales Executive,52104,No,4,3,3,Travel_Frequently,829,8,1,Marketing,1,800,84,3,2,4,Married,4342,Upto 5k,24008,0,Y,No,19,2,80,1,5,3,3,2,1,1
RM611,27,26-35,Male,Research & Development,Research Director,153696,No,9,3,3,Travel_Rarely,269,5,1,Technical Degree,1,844,42,2,3,4,Divorced,12808,10k-15k,8842,1,Y,Yes,16,2,80,1,9,3,3,8,0,8
RM616,27,26-35,Male,Research & Development,Research Scientist,20472,No,0,4,3,Non-Travel,443,3,3,Medical,1,850,50,3,1,4,Married,1706,Upto 5k,16571,1,Y,No,11,3,80,3,0,6,2,0,0,0
RM671,27,26-35,Female,Research & Development,Research Scientist,27816,No,1,2,3,Travel_Rarely,618,4,3,Life Sciences,1,933,76,3,1,3,Single,2318,Upto 5k,17808,1,Y,No,19,3,80,0,1,2,3,1,0,0
RM718,27,26-35,Female,Research & Development,Laboratory Technician,33732,No,2,3,3,Travel_Rarely,1134,16,4,Technical Degree,1,1001,37,3,1,2,Married,2811,Upto 5k,12086,9,Y,No,14,2,80,1,4,2,3,2,2,2
RM740,27,26-35,Female,Research & Development,Manufacturing Director,50724,No,3,1,3,Travel_Rarely,1055,2,4,Life Sciences,1,1027,47,3,2,4,Married,4227,Upto 5k,4658,0,Y,No,18,2,80,1,4,2,3,2,2,2
RM787,27,26-35,Male,Research & Development,Laboratory Technician,55452,No,3,1,3,Non-Travel,1277,8,5,Life Sciences,1,1094,87,1,1,3,Married,4621,Upto 5k,5869,1,Y,No,19,4,80,3,3,4,3,2,1,2
RM834,27,26-35,Male,Research & Development,Research Scientist,30468,No,4,4,3,Travel_Rarely,199,6,3,Life Sciences,1,1162,55,2,1,3,Married,2539,Upto 5k,7950,1,Y,No,13,3,80,1,4,0,3,2,2,2
RM890,27,26-35,Male,Research & Development,Research Scientist,26820,No,9,1,3,Travel_Rarely,1103,14,3,Life Sciences,1,1244,42,3,1,1,Married,2235,Upto 5k,14377,1,Y,Yes,14,4,80,2,9,3,2,7,6,8
RM903,27,26-35,Male,Research & Development,Research Scientist,30204,No,5,1,3,Travel_Rarely,1167,4,2,Life Sciences,1,1259,76,3,1,3,Divorced,2517,Upto 5k,3208,1,Y,No,11,2,80,3,5,2,3,3,0,3
RM971,27,26-35,Female,Sales,Sales Representative,30408,No,1,3,3,Travel_Rarely,1291,11,3,Medical,1,1364,98,4,1,4,Married,2534,Upto 5k,6527,8,Y,No,14,2,80,1,5,4,3,0,0,0
RM975,27,26-35,Male,Sales,Sales Executive,60852,No,6,4,4,Travel_Frequently,793,2,1,Life Sciences,1,1371,43,1,2,4,Single,5071,5k-10k,20392,3,Y,No,20,2,80,0,8,3,3,2,0,0
RM997,27,26-35,Female,Sales,Sales Executive,69228,No,6,4,3,Travel_Rarely,205,10,3,Marketing,1,1403,98,2,2,4,Married,5769,5k-10k,7100,1,Y,Yes,11,4,80,0,6,3,3,2,4,4
RM998,27,26-35,Female,Research & Development,Research Scientist,28728,Yes,8,4,3,Travel_Rarely,135,17,4,Life Sciences,1,1405,51,3,1,3,Single,2394,Upto 5k,25681,1,Y,Yes,13,4,80,0,8,2,3,2,7,7
RM1018,27,26-35,Male,Research & Development,Laboratory Technician,25188,No,5,2,3,Travel_Rarely,1377,11,1,Life Sciences,1,1434,91,3,1,1,Married,2099,Upto 5k,7679,0,Y,No,14,2,80,0,6,3,4,0,1,4
RM1150,27,26-35,Male,Research & Development,Laboratory Technician,48792,No,7,4,3,Travel_Rarely,1302,19,3,Other,1,1619,67,2,1,1,Divorced,4066,Upto 5k,16290,1,Y,No,11,1,80,2,7,3,3,7,0,7
RM1170,27,26-35,Female,Research & Development,Research Scientist,42204,No,3,2,3,Travel_Rarely,486,8,3,Medical,1,1647,86,4,1,3,Married,3517,Upto 5k,22490,7,Y,No,17,1,80,0,5,0,3,2,0,2
RM1171,27,26-35,Male,Research & Development,Research Scientist,30960,No,4,4,3,Travel_Frequently,591,2,3,Medical,1,1648,87,3,1,4,Single,2580,Upto 5k,6297,2,Y,No,13,3,80,0,6,0,2,2,1,2
RM1249,27,26-35,Female,Research & Development,Research Scientist,41340,No,6,3,3,Travel_Rarely,1054,8,3,Medical,1,1751,67,3,1,4,Single,3445,Upto 5k,6152,1,Y,No,11,3,80,0,6,5,2,2,1,4
RM1318,27,26-35,Female,Research & Development,Laboratory Technician,28548,No,5,4,3,Travel_Frequently,1297,5,2,Life Sciences,1,1850,53,3,1,4,Single,2379,Upto 5k,19826,0,Y,Yes,14,3,80,0,6,3,2,4,0,2
RM1329,27,26-35,Female,Sales,Sales Representative,42480,No,9,2,4,Travel_Rarely,728,23,1,Medical,1,1864,36,2,2,3,Married,3540,Upto 5k,7018,1,Y,No,21,4,80,1,9,5,3,8,5,8
RM1335,27,26-35,Female,Research & Development,Research Scientist,57288,No,7,4,3,Travel_Frequently,1131,15,3,Life Sciences,1,1870,77,2,1,1,Married,4774,Upto 5k,23844,0,Y,No,19,4,80,1,8,2,2,6,7,3
RM1351,27,26-35,Female,Sales,Sales Executive,78000,No,8,1,3,Travel_Rarely,511,2,2,Medical,1,1898,89,4,2,3,Single,6500,5k-10k,26997,0,Y,No,14,2,80,0,9,5,2,7,0,7
RM1368,27,26-35,Male,Research & Development,Research Scientist,26712,No,5,2,3,TravelRarely,1354,2,4,Technical Degree,1,1931,41,3,1,2,Married,2226,Upto 5k,6073,1,Y,No,11,3,80,1,6,3,2,3,1,2
RM1380,27,26-35,Female,Human Resources,Human Resources,34356,Yes,1,1,3,Travel_Frequently,1337,22,3,Human Resources,1,1944,58,2,1,2,Married,2863,Upto 5k,19555,1,Y,No,12,1,80,0,1,2,3,0,0,0
RM1394,27,26-35,Male,Sales,Sales Executive,49260,No,7,4,3,Travel_Rarely,954,9,3,Marketing,1,1965,44,3,2,4,Single,4105,Upto 5k,5099,1,Y,No,14,1,80,0,7,5,3,7,0,7
RM1468,27,26-35,Male,Research & Development,Manufacturing Director,73704,No,6,2,4,Travel_Rarely,155,4,3,Life Sciences,1,2064,87,4,2,2,Married,6142,5k-10k,5174,1,Y,Yes,20,2,80,1,6,0,3,2,0,3
RM1468,27,26-35,Male,Research & Development,Manufacturing Director,73704,No,6,2,4,Travel_Rarely,155,4,3,Life Sciences,1,2064,87,4,2,2,Married,6142,5k-10k,5174,1,Y,Yes,20,2,80,1,6,0,3,2,0,3
RM015,28,26-35,Male,Research & Development,Laboratory Technician,24336,Yes,4,3,3,Travel_Rarely,103,24,3,Life Sciences,1,19,50,2,1,3,Single,2028,Upto 5k,12947,5,Y,Yes,14,2,80,0,6,4,3,2,0,3
RM052,28,26-35,Male,Research & Development,Laboratory Technician,41292,Yes,2,3,3,Travel_Rarely,1434,5,4,Technical Degree,1,65,50,3,1,3,Single,3441,Upto 5k,11179,1,Y,Yes,13,3,80,0,2,3,2,2,2,2
RM098,28,26-35,Male,Sales,Sales Executive,50652,No,5,2,3,Non-Travel,120,4,3,Medical,1,129,43,3,2,3,Married,4221,Upto 5k,8863,1,Y,No,15,2,80,0,5,3,4,4,0,4
RM163,28,26-35,Male,Research & Development,Research Scientist,32556,No,5,3,3,Travel_Rarely,440,21,3,Medical,1,221,42,3,1,4,Married,2713,Upto 5k,6672,1,Y,No,11,3,80,1,5,2,1,2,0,2
RM265,28,26-35,Male,Research & Development,Laboratory Technician,41820,Yes,0,1,3,Travel_Rarely,529,2,4,Life Sciences,1,364,79,3,1,3,Single,3485,Upto 5k,14935,2,Y,No,11,3,80,0,5,5,1,0,0,0
RM273,28,26-35,Male,Research & Development,Research Scientist,24840,No,5,4,4,Travel_Rarely,1158,9,3,Medical,1,377,94,3,1,4,Married,2070,Upto 5k,2613,1,Y,No,23,4,80,1,5,3,2,2,0,4
RM290,28,26-35,Female,Research & Development,Research Scientist,39720,No,5,4,4,Travel_Rarely,1117,8,2,Life Sciences,1,395,66,3,1,4,Single,3310,Upto 5k,4488,1,Y,No,21,4,80,0,5,3,3,3,0,2
RM303,28,26-35,Male,Research & Development,Healthcare Representative,67932,No,8,2,3,Travel_Rarely,1476,16,2,Medical,1,412,68,4,2,1,Single,5661,5k-10k,4824,0,Y,No,19,3,80,0,9,2,3,3,0,7
RM324,28,26-35,Male,Research & Development,Research Scientist,41568,Yes,3,1,3,Travel_Rarely,1157,2,4,Medical,1,440,84,1,1,4,Married,3464,Upto 5k,24737,5,Y,Yes,13,4,80,0,5,4,2,2,2,2
RM375,28,26-35,Male,Sales,Sales Executive,63036,No,7,2,3,Travel_Rarely,304,9,4,Life Sciences,1,498,92,3,2,4,Single,5253,5k-10k,20750,1,Y,No,16,4,80,0,7,1,3,5,0,7
RM405,28,26-35,Male,Research & Development,Laboratory Technician,54696,No,10,3,3,Travel_Rarely,1300,17,2,Medical,1,536,79,3,2,1,Divorced,4558,Upto 5k,13535,1,Y,No,12,4,80,1,10,2,3,0,1,
RM541,28,26-35,Female,Research & Development,Research Scientist,26592,Yes,7,1,3,Travel_Rarely,654,1,2,Life Sciences,1,741,67,1,1,2,Single,2216,Upto 5k,3872,7,Y,Yes,13,4,80,0,10,4,3,7,3,7
RM599,28,26-35,Male,Research & Development,Research Scientist,52584,Yes,2,3,3,Travel_Rarely,890,2,4,Medical,1,828,46,3,1,3,Single,4382,Upto 5k,16374,6,Y,No,17,4,80,0,5,3,2,2,2,1
RM613,28,26-35,Female,Sales,Sales Executive,57348,No,8,2,4,Travel_Rarely,760,2,4,Marketing,1,846,81,3,2,2,Married,4779,Upto 5k,3698,1,Y,Yes,20,1,80,0,8,2,3,7,7,5
RM630,28,26-35,Male,Human Resources,Human Resources,59232,No,5,2,3,Travel_Rarely,1169,8,2,Medical,1,869,63,2,1,4,Divorced,4936,Upto 5k,23965,1,Y,No,13,4,80,1,6,6,3,1,0,4
RM660,28,26-35,Male,Sales,Sales Executive,58896,No,4,1,3,Travel_Rarely,821,5,4,Medical,1,916,98,3,2,4,Single,4908,Upto 5k,24252,1,Y,No,14,2,80,0,4,3,3,2,0,2
RM669,28,26-35,Female,Research & Development,Research Scientist,28524,No,2,3,3,Travel_Rarely,995,9,3,Medical,1,930,77,3,1,3,Divorced,2377,Upto 5k,9834,5,Y,No,18,2,80,1,6,2,3,2,2,2
RM765,28,26-35,Male,Sales,Sales Representative,12624,No,1,4,4,Travel_Rarely,1144,10,1,Medical,1,1056,74,3,1,2,Married,1052,Upto 5k,23384,1,Y,No,22,2,80,0,1,5,3,0,0,0
RM781,28,26-35,Male,Research & Development,Healthcare Representative,104664,Yes,10,2,3,Non-Travel,1366,24,2,Technical Degree,1,1082,72,2,3,1,Single,8722,5k-10k,12355,1,Y,No,12,1,80,0,10,2,2,7,1,9
RM789,28,26-35,Female,Research & Development,Research Scientist,43920,No,8,3,3,Travel_Rarely,857,10,3,Other,1,1097,59,3,2,3,Single,3660,Upto 5k,7909,3,Y,No,13,4,80,0,10,4,4,7,1,7
RM794,28,26-35,Male,Research & Development,Laboratory Technician,26484,No,4,1,3,Travel_Rarely,895,15,2,Life Sciences,1,1102,50,3,1,3,Divorced,2207,Upto 5k,22482,1,Y,No,16,4,80,1,4,5,2,2,2,2
RM801,28,26-35,Male,Research & Development,Laboratory Technician,31152,Yes,1,1,3,Travel_Frequently,1009,1,3,Medical,1,1111,45,2,1,2,Divorced,2596,Upto 5k,7160,1,Y,No,15,1,80,2,1,2,3,0,0,0
RM810,28,26-35,Female,Research & Development,Manufacturing Director,91860,No,9,4,3,Travel_Rarely,950,3,3,Medical,1,1121,93,3,3,2,Divorced,7655,5k-10k,8039,0,Y,No,17,2,80,3,10,3,2,7,1,7
RM820,28,26-35,Male,Research & Development,Research Scientist,38412,No,5,1,3,Travel_Rarely,1451,2,1,Life Sciences,1,1136,67,2,1,2,Married,3201,Upto 5k,19911,0,Y,No,17,1,80,0,6,2,1,3,0,4
RM828,28,26-35,Male,Research & Development,Research Scientist,32436,No,3,3,3,Travel_Frequently,773,6,3,Life Sciences,1,1154,39,2,1,3,Divorced,2703,Upto 5k,22088,1,Y,Yes,14,4,80,1,3,2,3,1,0,2
RM843,28,26-35,Female,Research & Development,Laboratory Technician,30180,Yes,1,3,3,Travel_Rarely,1485,12,1,Life Sciences,1,1175,79,3,1,4,Married,2515,Upto 5k,22955,1,Y,Yes,11,4,80,0,1,4,2,1,0,0
RM869,28,26-35,Male,Research & Development,Laboratory Technician,38352,No,6,4,3,Travel_Rarely,1179,19,4,Medical,1,1216,78,2,1,1,Married,3196,Upto 5k,12449,1,Y,No,12,3,80,3,6,2,3,5,3,3
RM922,28,26-35,Male,Research & Development,Laboratory Technician,25848,No,4,4,3,Travel_Frequently,791,1,4,Medical,1,1286,44,3,1,3,Single,2154,Upto 5k,6842,0,Y,Yes,11,3,80,0,5,2,2,2,0,2
RM930,28,26-35,Male,Research & Development,Laboratory Technician,46404,No,2,4,3,Travel_Frequently,193,2,3,Life Sciences,1,1296,52,2,1,4,Married,3867,Upto 5k,14222,1,Y,Yes,12,2,80,1,2,2,3,2,2,2
RM934,28,26-35,Male,Research & Development,Research Scientist,24960,No,3,4,3,Travel_Rarely,640,1,3,Technical Degree,1,1301,84,3,1,1,Single,2080,Upto 5k,4732,2,Y,No,11,2,80,0,5,2,2,2,1,2
RM945,28,26-35,Female,Research & Development,Laboratory Technician,80088,No,9,3,3,Non-Travel,1476,1,3,Life Sciences,1,1315,55,1,2,4,Married,6674,5k-10k,16392,0,Y,No,11,1,80,3,10,6,3,8,7,5
RM985,28,26-35,Male,Sales,Sales Executive,56688,No,5,3,3,Travel_Rarely,736,26,3,Life Sciences,1,1387,48,2,2,1,Married,4724,Upto 5k,24232,1,Y,No,11,3,80,1,5,0,3,3,0,4
RM1042,28,26-35,Male,Sales,Sales Executive,101556,No,5,4,3,Travel_Rarely,866,5,3,Medical,1,1469,84,3,2,1,Single,8463,5k-10k,23490,0,Y,No,18,4,80,0,6,4,3,4,1,3
RM1057,28,26-35,Male,Sales,Sales Representative,34908,Yes,3,1,3,Travel_Frequently,1496,1,3,Technical Degree,1,1486,92,3,1,3,Married,2909,Upto 5k,15747,3,Y,No,15,4,80,1,5,3,4,2,1,2
RM1069,28,26-35,Male,Research & Development,Laboratory Technician,30732,Yes,0,3,3,Travel_Frequently,289,2,2,Medical,1,1504,38,2,1,1,Single,2561,Upto 5k,5355,7,Y,No,11,3,80,0,8,2,2,0,0,0
RM1070,28,26-35,Male,Research & Development,Research Scientist,18756,No,1,1,3,Travel_Rarely,1423,1,3,Life Sciences,1,1506,72,2,1,3,Divorced,1563,Upto 5k,12530,1,Y,No,14,4,80,1,1,2,1,0,0,0
RM1071,28,26-35,Male,Sales,Sales Executive,58776,No,4,3,3,Travel_Frequently,467,7,3,Life Sciences,1,1507,55,3,2,1,Single,4898,Upto 5k,11827,0,Y,No,14,4,80,0,5,5,3,2,1,3
RM1074,28,26-35,Male,Research & Development,Manufacturing Director,78588,No,8,3,3,Travel_Rarely,1083,29,1,Life Sciences,1,1514,96,1,2,2,Married,6549,5k-10k,3173,1,Y,No,14,2,80,2,8,2,2,6,1,7
RM1137,28,26-35,Male,Research & Development,Laboratory Technician,28896,Yes,1,3,3,Travel_Rarely,329,24,3,Medical,1,1604,51,3,1,2,Married,2408,Upto 5k,7324,1,Y,Yes,17,3,80,3,1,3,3,1,0,0
RM1152,28,26-35,Female,Research & Development,Manufacturing Director,58524,No,5,2,4,Travel_Rarely,580,27,3,Medical,1,1622,39,1,2,1,Divorced,4877,Upto 5k,20460,0,Y,No,21,2,80,1,6,5,2,3,0,0
RM1284,28,26-35,Male,Research & Development,Research Scientist,24528,No,5,3,3,Travel_Rarely,1181,1,3,Life Sciences,1,1799,82,3,1,4,Married,2044,Upto 5k,5531,1,Y,No,11,3,80,1,5,6,4,3,0,3
RM1308,28,26-35,Female,Research & Development,Research Scientist,43092,No,3,3,4,Travel_Rarely,1217,1,3,Medical,1,1834,67,3,1,1,Married,3591,Upto 5k,12719,1,Y,No,25,3,80,1,3,3,3,2,1,2
RM1324,28,26-35,Male,Human Resources,Human Resources,32472,No,3,3,3,Non-Travel,280,1,2,Life Sciences,1,1858,43,3,1,4,Divorced,2706,Upto 5k,10494,1,Y,No,15,2,80,1,3,2,3,2,2,2
RM1338,28,26-35,Female,Sales,Sales Representative,34272,No,1,2,3,Travel_Rarely,1172,3,3,Medical,1,1875,78,3,1,2,Married,2856,Upto 5k,3692,1,Y,No,19,4,80,1,1,3,3,0,0,0
RM1365,28,26-35,Male,Sales,Sales Executive,82008,No,7,3,3,Travel_Frequently,783,1,2,Life Sciences,1,1927,42,2,2,4,Married,6834,5k-10k,19255,1,Y,Yes,12,3,80,1,7,2,3,7,0,7
RM1370,28,26-35,Female,Sales,Sales Executive,118248,Yes,2,4,3,Travel_Rarely,1475,13,2,Marketing,1,1933,84,3,2,3,Single,9854,5k-10k,23352,3,Y,Yes,11,4,80,0,6,0,3,0,2,2
RM1382,28,26-35,Male,Research & Development,Research Scientist,25728,No,5,3,3,Non-Travel,1103,16,3,Medical,1,1947,49,3,1,3,Single,2144,Upto 5k,2122,1,Y,No,14,3,80,0,5,3,2,3,1,4
RM1391,28,26-35,Male,Research & Development,Laboratory Technician,28404,Yes,4,3,3,Travel_Rarely,1404,17,3,Technical Degree,1,1960,32,2,1,4,Divorced,2367,Upto 5k,18779,5,Y,No,12,1,80,1,6,2,2,1,0,3
RM012,29,26-35,Female,Research & Development,Laboratory Technician,50316,No,9,4,3,Travel_Rarely,153,15,2,Life Sciences,1,15,49,2,2,3,Single,4193,Upto 5k,12682,0,Y,Yes,12,4,80,0,10,3,3,5,0,8
RM016,29,26-35,Female,Research & Development,Manufacturing Director,119760,No,10,2,3,Travel_Rarely,1389,21,4,Life Sciences,1,20,51,4,3,1,Divorced,9980,5k-10k,10195,1,Y,No,11,3,80,1,10,1,3,9,8,8
RM072,29,26-35,Male,Research & Development,Research Scientist,32436,No,5,3,4,Travel_Rarely,1328,2,3,Life Sciences,1,94,76,3,1,2,Married,2703,Upto 5k,4956,0,Y,No,23,4,80,1,6,3,3,4,0,
RM156,29,26-35,Male,Research & Development,Manufacturing Director,51828,No,10,4,3,Non-Travel,1496,1,1,Technical Degree,1,208,41,3,2,3,Married,4319,Upto 5k,26283,1,Y,No,13,1,80,1,10,1,3,7,0,9
RM206,29,26-35,Female,Sales,Sales Executive,91668,Yes,10,2,4,Travel_Rarely,121,27,3,Marketing,1,283,35,3,3,4,Married,7639,5k-10k,24525,1,Y,No,22,4,80,3,10,3,2,4,1,
RM218,29,26-35,Male,Research & Development,Research Scientist,24696,Yes,6,3,3,Travel_Rarely,992,1,3,Technical Degree,1,300,85,3,1,3,Single,2058,Upto 5k,19757,0,Y,No,14,4,80,0,7,1,2,2,1,5
RM228,29,26-35,Female,Sales,Sales Executive,95016,No,11,2,3,Travel_Frequently,1413,1,1,Medical,1,312,42,3,3,4,Married,7918,5k-10k,6599,1,Y,No,14,4,80,1,11,5,3,10,4,1
RM230,29,26-35,Male,Research & Development,Research Scientist,28668,Yes,4,3,3,Travel_Rarely,896,18,1,Medical,1,315,86,2,1,4,Single,2389,Upto 5k,14961,1,Y,Yes,13,3,80,0,4,3,2,3,0,1
RM253,29,26-35,Male,Research & Development,Research Scientist,28080,No,6,3,3,Travel_Rarely,665,15,3,Life Sciences,1,346,60,3,1,4,Single,2340,Upto 5k,22673,1,Y,No,19,1,80,0,6,1,3,5,1,
RM255,29,26-35,Male,Sales,Sales Executive,83172,No,3,4,3,Travel_Rarely,1247,20,2,Marketing,1,349,45,3,2,4,Divorced,6931,5k-10k,10732,2,Y,No,14,4,80,1,10,2,3,2,0,
RM266,29,26-35,Male,Sales,Sales Executive,79728,No,0,1,3,Travel_Rarely,1210,2,3,Medical,1,366,78,2,2,2,Married,6644,5k-10k,3687,2,Y,No,19,2,80,2,10,2,3,0,0,0
RM283,29,26-35,Male,Sales,Sales Executive,54648,No,10,2,3,Travel_Frequently,442,2,2,Life Sciences,1,388,44,3,2,4,Single,4554,Upto 5k,20260,1,Y,No,18,1,80,0,10,3,2,7,0,9
RM337,29,26-35,Male,Research & Development,Laboratory Technician,25428,Yes,7,2,3,Travel_Rarely,318,8,4,Other,1,454,77,1,1,1,Married,2119,Upto 5k,4759,1,Y,Yes,11,4,80,0,7,4,2,7,0,7
RM338,29,26-35,Male,Research & Development,Laboratory Technician,47796,No,3,2,3,Travel_Rarely,738,9,5,Other,1,455,30,2,1,4,Single,3983,Upto 5k,7621,0,Y,No,17,3,80,0,4,2,3,2,2,2
RM344,29,26-35,Female,Sales,Sales Executive,99216,No,7,4,3,Travel_Rarely,144,10,1,Marketing,1,463,39,2,2,2,Divorced,8268,5k-10k,11866,1,Y,Yes,14,1,80,2,7,2,3,7,1,7
RM350,29,26-35,Male,Sales,Sales Executive,55788,No,4,4,3,Non-Travel,746,2,3,Life Sciences,1,469,61,3,2,3,Married,4649,Upto 5k,16928,1,Y,No,14,1,80,1,4,3,2,3,0,2
RM372,29,26-35,Male,Research & Development,Research Scientist,26412,No,3,4,3,Travel_Rarely,1283,23,3,Life Sciences,1,495,54,3,1,4,Single,2201,Upto 5k,18168,9,Y,No,16,4,80,0,6,4,3,2,1,2
RM421,29,26-35,Male,Research & Development,Research Director,143220,No,10,2,3,Travel_Rarely,986,3,4,Medical,1,564,93,2,3,3,Married,11935,10k-15k,21526,1,Y,No,18,3,80,0,10,2,3,2,0,7
RM422,29,26-35,Female,Research & Development,Research Scientist,30552,Yes,2,3,3,Travel_Rarely,408,25,5,Technical Degree,1,565,71,2,1,2,Married,2546,Upto 5k,18300,5,Y,No,16,2,80,0,6,2,4,2,1,1
RM455,29,26-35,Male,Research & Development,Manufacturing Director,51144,No,3,4,3,Travel_Rarely,232,19,3,Technical Degree,1,611,34,3,2,4,Divorced,4262,Upto 5k,22645,4,Y,No,12,2,80,2,8,2,4,2,1,2
RM508,29,26-35,Female,Sales,Sales Executive,66732,No,6,2,3,Travel_Rarely,1176,3,2,Medical,1,690,62,3,2,3,Married,5561,5k-10k,3487,1,Y,No,14,1,80,1,6,5,2,0,1,2
RM520,29,26-35,Male,Research & Development,Research Scientist,32640,No,10,2,3,Travel_Frequently,806,1,4,Life Sciences,1,710,76,1,1,4,Divorced,2720,Upto 5k,18959,1,Y,No,18,4,80,1,10,5,3,7,2,8
RM547,29,26-35,Male,Sales,Sales Representative,31704,No,1,3,3,Travel_Rarely,1396,10,3,Life Sciences,1,749,99,3,1,3,Single,2642,Upto 5k,2755,1,Y,No,11,3,80,0,1,6,3,0,0,0
RM556,29,26-35,Male,Sales,Sales Representative,27564,No,2,4,3,Travel_Rarely,1090,10,3,Marketing,1,766,83,3,1,2,Divorced,2297,Upto 5k,17967,1,Y,No,14,4,80,2,2,2,3,2,2,2
RM573,29,26-35,Female,Research & Development,Healthcare Representative,52020,No,8,2,3,Travel_Rarely,657,27,3,Medical,1,793,66,3,2,3,Married,4335,Upto 5k,25549,4,Y,No,12,1,80,1,11,3,2,7,1,1
RM590,29,26-35,Female,Research & Development,Laboratory Technician,27828,Yes,1,2,3,Travel_Rarely,805,1,2,Life Sciences,1,816,36,2,1,1,Married,2319,Upto 5k,6689,1,Y,Yes,11,4,80,1,1,1,3,0,0,0
RM595,29,26-35,Male,Research & Development,Research Scientist,32400,No,10,3,4,Travel_Rarely,1252,23,2,Life Sciences,1,824,81,4,1,3,Married,2700,Upto 5k,23779,1,Y,No,24,3,80,1,10,3,3,7,0,7
RM646,29,26-35,Female,Sales,Sales Representative,33600,Yes,3,2,3,Travel_Rarely,341,1,3,Medical,1,896,48,2,1,3,Divorced,2800,Upto 5k,23522,6,Y,Yes,19,3,80,3,5,3,3,2,0,2
RM658,29,26-35,Female,Research & Development,Laboratory Technician,30384,No,4,1,3,Travel_Rarely,1086,7,1,Medical,1,912,62,2,1,4,Divorced,2532,Upto 5k,6054,6,Y,No,14,3,80,3,8,5,3,3,0,3
RM698,29,26-35,Female,Sales,Sales Representative,25884,No,3,3,3,Travel_Frequently,1404,20,3,Technical Degree,1,974,84,3,1,4,Married,2157,Upto 5k,18203,1,Y,No,15,2,80,1,3,5,3,1,0,2
RM712,29,26-35,Female,Research & Development,Research Scientist,28848,Yes,0,4,4,Travel_Rarely,906,10,3,Life Sciences,1,994,92,2,1,1,Single,2404,Upto 5k,11479,6,Y,Yes,20,3,80,0,3,5,3,0,0,0
RM809,29,26-35,Female,Research & Development,Research Scientist,30168,No,7,3,4,Travel_Rarely,1107,28,4,Life Sciences,1,1120,93,3,1,4,Divorced,2514,Upto 5k,26968,4,Y,No,22,1,80,1,11,1,3,5,1,7
RM824,29,26-35,Female,Research & Development,Research Scientist,39492,No,7,4,3,Travel_Frequently,490,10,3,Life Sciences,1,1143,61,3,1,2,Divorced,3291,Upto 5k,17940,0,Y,No,14,4,80,2,8,2,2,5,1,1
RM826,29,26-35,Male,Research & Development,Manufacturing Director,60672,No,10,2,3,Travel_Rarely,718,8,1,Medical,1,1150,79,2,2,4,Married,5056,5k-10k,17689,1,Y,Yes,15,3,80,1,10,2,2,7,1,2
RM837,29,26-35,Female,Sales,Sales Executive,88032,Yes,11,4,3,Travel_Rarely,408,23,1,Life Sciences,1,1165,45,2,3,1,Married,7336,5k-10k,11162,1,Y,No,13,1,80,1,11,3,1,8,3,10
RM853,29,26-35,Female,Research & Development,Laboratory Technician,37572,No,10,2,3,Travel_Rarely,1401,6,1,Medical,1,1192,54,3,1,4,Married,3131,Upto 5k,26342,1,Y,No,13,1,80,1,10,5,3,8,0,8
RM860,29,26-35,Female,Research & Development,Research Scientist,26016,No,5,2,3,Travel_Rarely,942,15,1,Life Sciences,1,1202,69,1,1,4,Married,2168,Upto 5k,26933,0,Y,Yes,18,1,80,1,6,2,2,4,1,3
RM894,29,26-35,Female,Research & Development,Research Scientist,45120,No,3,1,3,Travel_Rarely,1010,1,3,Life Sciences,1,1249,97,3,1,4,Divorced,3760,Upto 5k,5598,1,Y,No,15,1,80,3,3,5,3,2,1,2
RM904,29,26-35,Male,Research & Development,Healthcare Representative,79476,No,6,3,3,Travel_Rarely,1329,7,3,Life Sciences,1,1260,82,3,2,4,Divorced,6623,5k-10k,4204,1,Y,Yes,11,2,80,2,6,2,3,0,1,0
RM906,29,26-35,Female,Research & Development,Research Director,193488,No,7,4,3,Travel_Rarely,694,1,3,Life Sciences,1,1264,87,2,4,4,Divorced,16124,15k+,3423,3,Y,No,14,2,80,2,9,2,2,7,1,7
RM933,29,26-35,Female,Research & Development,Laboratory Technician,40068,Yes,7,2,3,Travel_Rarely,806,7,3,Technical Degree,1,1299,39,3,1,3,Divorced,3339,Upto 5k,17285,3,Y,Yes,13,1,80,2,10,2,3,7,7,7
RM1006,29,26-35,Male,Human Resources,Human Resources,95856,No,10,2,3,Travel_Rarely,332,17,3,Other,1,1419,51,2,3,1,Single,7988,5k-10k,9769,1,Y,No,13,1,80,0,10,3,2,9,0,9
RM1008,29,26-35,Female,Research & Development,Healthcare Representative,90636,Yes,8,3,3,Travel_Frequently,337,14,1,Other,1,1421,84,3,3,4,Single,7553,5k-10k,22930,0,Y,Yes,12,1,80,0,9,1,3,7,7,7
RM1058,29,26-35,Female,Sales,Sales Executive,69180,Yes,5,1,3,Travel_Frequently,115,13,3,Technical Degree,1,1487,51,3,2,2,Single,5765,5k-10k,17485,5,Y,No,11,1,80,0,7,4,1,3,0,0
RM1064,29,26-35,Male,Sales,Sales Executive,103440,No,10,3,3,Travel_Rarely,1246,19,3,Life Sciences,1,1497,77,2,2,3,Divorced,8620,5k-10k,23757,1,Y,No,14,3,80,2,10,3,3,7,0,4
RM1073,29,26-35,Female,Research & Development,Laboratory Technician,38160,No,3,4,3,Travel_Frequently,410,2,1,Life Sciences,1,1513,97,3,1,2,Married,3180,Upto 5k,4668,0,Y,No,13,3,80,3,4,3,3,2,0,2
RM1078,29,26-35,Male,Research & Development,Research Scientist,28344,Yes,9,1,3,Travel_Rarely,224,1,4,Technical Degree,1,1522,100,2,1,1,Single,2362,Upto 5k,7568,6,Y,No,13,3,80,0,11,2,1,7,0,7
RM1091,29,26-35,Female,Research & Development,Healthcare Representative,116580,No,7,3,3,Travel_Rarely,441,8,1,Other,1,1544,39,1,2,1,Married,9715,5k-10k,7288,3,Y,No,13,3,80,1,9,3,3,7,0,7
RM1105,29,26-35,Male,Research & Development,Research Scientist,29412,No,1,3,3,Travel_Rarely,598,9,3,Life Sciences,1,1558,91,4,1,3,Married,2451,Upto 5k,22376,6,Y,No,18,1,80,2,5,2,2,0,0,0
RM1123,29,26-35,Male,Research & Development,Laboratory Technician,56676,No,10,2,3,Travel_Rarely,1370,3,1,Medical,1,1586,87,3,1,1,Single,4723,Upto 5k,16213,1,Y,Yes,18,4,80,0,10,3,3,9,1,5
RM1126,29,26-35,Male,Research & Development,Healthcare Representative,106236,No,6,1,3,Travel_Frequently,995,2,1,Life Sciences,1,1590,87,3,2,4,Divorced,8853,5k-10k,24483,1,Y,No,19,4,80,1,6,0,4,4,1,3
RM1173,29,26-35,Male,Sales,Sales Executive,70428,No,5,3,3,Travel_Rarely,469,10,3,Medical,1,1650,42,2,2,3,Single,5869,5k-10k,23413,9,Y,No,11,3,80,0,8,2,3,2,1,4
RM1189,29,26-35,Male,Sales,Sales Executive,50244,No,10,1,3,Travel_Rarely,991,5,3,Medical,1,1669,43,2,2,2,Divorced,4187,Upto 5k,3356,1,Y,Yes,13,2,80,1,10,3,2,0,0,9
RM1220,29,26-35,Female,Research & Development,Laboratory Technician,35688,No,5,4,3,Travel_Rarely,1082,9,4,Medical,1,1709,43,3,1,3,Married,2974,Upto 5k,25412,9,Y,No,17,3,80,1,9,2,3,3,1,2
RM1250,29,26-35,Female,Sales,Sales Representative,33120,Yes,2,2,3,Travel_Rarely,428,9,3,Marketing,1,1752,52,1,1,2,Single,2760,Upto 5k,14630,1,Y,No,13,3,80,0,2,3,3,2,2,2
RM1251,29,26-35,Male,Research & Development,Healthcare Representative,75528,No,3,4,3,Travel_Frequently,461,1,3,Life Sciences,1,1753,70,4,2,3,Single,6294,5k-10k,23060,8,Y,Yes,12,4,80,0,10,5,4,2,0,2
RM1259,29,26-35,Female,Research & Development,Research Scientist,25308,No,1,4,3,Travel_Rarely,590,4,3,Technical Degree,1,1762,91,2,1,1,Divorced,2109,Upto 5k,10007,1,Y,No,13,3,80,1,1,2,3,0,0,0
RM1314,29,26-35,Male,Human Resources,Human Resources,28020,Yes,2,1,3,Travel_Rarely,350,13,3,Human Resources,1,1844,56,2,1,1,Divorced,2335,Upto 5k,3157,4,Y,Yes,15,4,80,3,4,3,3,2,2,0
RM1319,29,26-35,Male,Research & Development,Laboratory Technician,45744,No,11,4,3,Travel_Frequently,574,20,1,Medical,1,1852,40,3,1,4,Married,3812,Upto 5k,7003,1,Y,No,13,2,80,0,11,3,4,8,3,10
RM1325,29,26-35,Male,Research & Development,Healthcare Representative,76608,No,7,4,3,Travel_Rarely,726,29,1,Life Sciences,1,1859,93,1,2,3,Divorced,6384,5k-10k,21143,8,Y,No,17,4,80,2,11,3,3,0,1,6
RM1330,29,26-35,Male,Human Resources,Human Resources,33648,No,1,4,3,TravelRarely,352,6,1,Medical,1,1865,87,2,1,2,Married,2804,Upto 5k,15434,1,Y,No,11,4,80,0,1,3,3,0,0,0
RM1333,29,26-35,Male,Research & Development,Research Scientist,29268,Yes,1,4,4,Travel_Frequently,459,24,2,Life Sciences,1,1868,73,2,1,4,Single,2439,Upto 5k,14753,1,Y,Yes,24,2,80,0,1,3,2,0,1,0
RM1344,29,26-35,Male,Research & Development,Laboratory Technician,24744,No,3,4,3,Travel_Rarely,592,7,3,Life Sciences,1,1883,59,3,1,1,Single,2062,Upto 5k,19384,3,Y,No,14,2,80,0,11,2,3,2,1,2
RM1366,29,26-35,Male,Sales,Sales Representative,13092,Yes,1,3,3,Travel_Frequently,746,24,3,Technical Degree,1,1928,45,4,1,1,Single,1091,Upto 5k,10642,1,Y,No,17,4,80,0,1,3,3,0,0,0
RM1388,29,26-35,Male,Research & Development,Healthcare Representative,64476,No,5,1,3,Travel_Rarely,136,1,3,Life Sciences,1,1954,89,3,2,1,Married,5373,5k-10k,6225,0,Y,No,12,1,80,1,6,5,2,3,0,2
RM1443,29,26-35,Male,Research & Development,Research Scientist,57444,Yes,2,1,3,Travel_Rarely,1092,1,4,Medical,1,2027,36,3,1,4,Married,4787,Upto 5k,26124,9,Y,Yes,14,2,80,3,4,3,4,2,2,2
RM1460,29,26-35,Male,Research & Development,Laboratory Technician,48300,No,4,4,3,Travel_Rarely,1378,13,2,Other,1,2053,46,2,2,2,Married,4025,Upto 5k,23679,4,Y,Yes,13,1,80,1,10,2,3,3,0,3
RM1461,29,26-35,Female,Research & Development,Research Scientist,45420,No,5,4,3,Travel_Rarely,468,28,4,Medical,1,2054,73,2,1,1,Single,3785,Upto 5k,8489,1,Y,No,14,2,80,0,5,3,1,4,0,4
RM1461,29,26-35,Female,Research & Development,Research Scientist,45420,No,5,4,3,Travel_Rarely,468,28,4,Medical,1,2054,73,2,1,1,Single,3785,Upto 5k,8489,1,Y,No,14,2,80,0,5,3,1,4,0,4
RM008,30,26-35,Male,Research & Development,Laboratory Technician,32316,No,1,4,4,Travel_Rarely,1358,24,1,Life Sciences,1,11,67,3,1,3,Divorced,2693,Upto 5k,13335,1,Y,No,22,2,80,1,1,2,3,0,0,
RM033,30,26-35,Male,Research & Development,Laboratory Technician,26472,No,10,4,3,Travel_Rarely,125,9,2,Medical,1,41,83,2,1,3,Single,2206,Upto 5k,16117,1,Y,No,13,1,80,0,10,5,3,0,1,8
RM045,30,26-35,Female,Research & Development,Laboratory Technician,48132,No,12,3,4,Travel_Frequently,721,1,2,Medical,1,57,58,3,2,4,Single,4011,Upto 5k,10781,1,Y,No,23,4,80,0,12,2,3,8,3,7
RM081,30,26-35,Male,Research & Development,Laboratory Technician,61512,No,10,4,3,Travel_Rarely,852,1,1,Life Sciences,1,104,55,2,2,4,Married,5126,5k-10k,15998,1,Y,Yes,12,3,80,2,10,1,2,8,3,0
RM089,30,26-35,Male,Research & Development,Healthcare Representative,49824,No,11,3,3,Travel_Rarely,288,2,3,Life Sciences,1,117,99,2,2,4,Married,4152,Upto 5k,15830,1,Y,No,19,1,80,3,11,3,3,10,10,8
RM093,30,26-35,Female,Sales,Sales Executive,62508,No,11,3,3,Travel_Rarely,1334,4,2,Medical,1,121,63,2,2,2,Divorced,5209,5k-10k,19760,1,Y,Yes,12,2,80,3,11,4,2,8,2,7
RM121,30,26-35,Male,Research & Development,Research Scientist,31356,No,10,1,4,Travel_Frequently,1312,23,3,Life Sciences,1,159,96,1,1,3,Divorced,2613,Upto 5k,22310,1,Y,No,25,3,80,3,10,2,2,7,0,9
RM140,30,26-35,Male,Human Resources,Human Resources,76164,No,11,3,3,Travel_Rarely,1240,9,3,Human Resources,1,184,48,3,2,4,Married,6347,5k-10k,13982,0,Y,Yes,19,4,80,0,12,2,1,9,4,
RM144,30,26-35,Female,Research & Development,Research Scientist,31584,No,5,1,3,Travel_Rarely,438,18,3,Life Sciences,1,194,75,3,1,3,Single,2632,Upto 5k,23910,1,Y,No,14,3,80,0,5,4,2,4,0,
RM146,30,26-35,Female,Research & Development,Research Scientist,38448,No,3,4,3,Travel_Rarely,201,5,3,Technical Degree,1,197,84,3,1,1,Divorced,3204,Upto 5k,10415,5,Y,No,14,4,80,1,8,3,3,2,2,
RM147,30,26-35,Male,Research & Development,Laboratory Technician,32640,No,5,2,3,Travel_Rarely,1427,2,1,Medical,1,198,35,2,1,4,Single,2720,Upto 5k,11162,0,Y,No,13,4,80,0,6,3,3,3,1,
RM168,30,26-35,Female,Sales,Sales Executive,113028,No,10,2,3,Travel_Rarely,1339,5,3,Life Sciences,1,228,41,3,3,4,Married,9419,5k-10k,8053,2,Y,No,12,3,80,1,12,2,3,9,7,4
RM174,30,26-35,Male,Research & Development,Laboratory Technician,36864,No,12,3,3,Non-Travel,111,9,3,Medical,1,239,66,3,2,1,Divorced,3072,Upto 5k,11012,1,Y,No,11,3,80,2,12,4,3,9,6,10
RM212,30,26-35,Male,Research & Development,Manufacturing Director,101688,No,11,3,4,Non-Travel,829,1,1,Life Sciences,1,292,88,2,3,3,Single,8474,5k-10k,20925,1,Y,No,22,3,80,0,12,2,3,8,5,8
RM215,30,26-35,Female,Research & Development,Research Scientist,31884,Yes,5,4,3,Travel_Rarely,1005,3,3,Technical Degree,1,297,88,3,1,1,Single,2657,Upto 5k,8556,5,Y,Yes,11,3,80,0,8,5,3,2,0,4
RM217,30,26-35,Female,Sales,Sales Executive,80352,Yes,6,3,3,Travel_Frequently,334,26,4,Marketing,1,299,52,2,2,1,Single,6696,5k-10k,22967,5,Y,No,15,3,80,0,9,5,2,3,0,1
RM325,30,26-35,Female,Research & Development,Research Scientist,69300,No,10,4,3,Travel_Rarely,1275,28,2,Medical,1,441,64,3,2,4,Married,5775,5k-10k,11934,1,Y,No,13,4,80,2,11,2,3,8,1,9
RM339,30,26-35,Female,Sales,Sales Executive,73416,No,10,4,3,Travel_Rarely,570,5,3,Marketing,1,456,30,2,2,3,Divorced,6118,5k-10k,5431,1,Y,No,13,3,80,3,10,2,3,9,1,2
RM355,30,26-35,Female,Sales,Sales Executive,56832,No,2,4,3,Non-Travel,641,25,2,Technical Degree,1,475,85,3,2,3,Married,4736,Upto 5k,6069,7,Y,Yes,12,2,80,1,4,2,4,2,2,2
RM382,30,26-35,Male,Sales,Sales Representative,29712,No,1,3,3,Travel_Rarely,202,2,1,Technical Degree,1,508,72,3,1,2,Married,2476,Upto 5k,17434,1,Y,No,18,1,80,1,1,3,3,0,0,0
RM386,30,26-35,Male,Research & Development,Research Scientist,27420,Yes,1,3,4,Travel_Frequently,464,4,3,Technical Degree,1,514,40,3,1,4,Single,2285,Upto 5k,3427,9,Y,Yes,23,3,80,0,3,4,3,0,0,0
RM403,30,26-35,Female,Sales,Sales Executive,78924,No,5,2,3,Travel_Rarely,1082,12,3,Technical Degree,1,533,83,3,2,3,Single,6577,5k-10k,19558,0,Y,No,11,2,80,0,6,6,3,4,4,4
RM411,30,26-35,Female,Research & Development,Manufacturing Director,73092,No,5,3,4,Travel_Rarely,317,2,3,Life Sciences,1,548,43,1,2,4,Single,6091,5k-10k,24793,2,Y,No,20,3,80,0,11,2,3,4,0,2
RM420,30,26-35,Male,Research & Development,Laboratory Technician,25164,No,5,3,3,Non-Travel,1400,3,3,Life Sciences,1,562,53,3,1,4,Married,2097,Upto 5k,16734,4,Y,No,15,3,80,1,9,3,1,3,1,4
RM424,30,26-35,Female,Sales,Sales Executive,100944,No,9,3,3,Non-Travel,1398,22,4,Other,1,567,69,3,3,1,Married,8412,5k-10k,2890,0,Y,No,11,3,80,0,10,3,3,8,7,8
RM427,30,26-35,Female,Research & Development,Laboratory Technician,30768,No,11,3,3,Non-Travel,1116,2,3,Medical,1,571,49,3,1,4,Single,2564,Upto 5k,7181,0,Y,No,14,3,80,0,12,2,2,7,6,7
RM438,30,26-35,Male,Sales,Sales Representative,35796,No,3,4,3,Travel_Rarely,413,7,1,Marketing,1,585,57,3,1,2,Single,2983,Upto 5k,18398,0,Y,No,14,1,80,0,4,3,3,2,1,2
RM481,30,26-35,Male,Sales,Sales Representative,24396,Yes,1,2,3,Travel_Frequently,448,12,4,Life Sciences,1,648,74,2,1,1,Married,2033,Upto 5k,14470,1,Y,No,18,3,80,1,1,2,4,0,0,0
RM502,30,26-35,Female,Research & Development,Research Scientist,24996,No,1,3,4,Travel_Frequently,160,3,3,Medical,1,680,71,3,1,3,Divorced,2083,Upto 5k,22653,1,Y,No,20,3,80,1,1,2,3,0,0,0
RM546,30,26-35,Male,Sales,Sales Executive,63648,No,8,3,4,Travel_Rarely,501,27,5,Marketing,1,747,99,3,2,4,Divorced,5304,5k-10k,25275,7,Y,No,23,4,80,1,10,2,2,7,7,7
RM582,30,26-35,Male,Research & Development,Laboratory Technician,45996,No,2,4,4,Travel_Rarely,921,1,3,Life Sciences,1,806,38,1,1,3,Married,3833,Upto 5k,24375,3,Y,No,21,3,80,2,7,2,3,2,0,2
RM603,30,26-35,Female,Research & Development,Manufacturing Director,82524,No,0,3,4,Travel_Rarely,946,2,3,Medical,1,833,52,2,2,4,Single,6877,5k-10k,20234,5,Y,Yes,24,2,80,0,12,4,2,0,0,0
RM624,30,26-35,Male,Research & Development,Research Scientist,45132,No,5,2,3,Travel_Frequently,1012,5,4,Life Sciences,1,861,75,2,1,4,Divorced,3761,Upto 5k,2373,9,Y,No,12,2,80,1,10,3,2,4,0,3
RM703,30,26-35,Male,Sales,Sales Executive,87168,No,8,3,3,Travel_Rarely,231,8,2,Other,1,982,62,3,3,3,Divorced,7264,5k-10k,9977,5,Y,No,11,1,80,1,10,2,4,4,7,7
RM721,30,26-35,Female,Research & Development,Research Scientist,25584,Yes,5,1,3,Travel_Rarely,138,22,3,Life Sciences,1,1004,48,3,1,3,Married,2132,Upto 5k,11539,4,Y,Yes,11,2,80,0,7,2,3,2,0,1
RM731,30,26-35,Female,Research & Development,Research Director,136992,No,8,2,3,Travel_Rarely,153,8,2,Life Sciences,1,1015,73,4,3,1,Married,11416,10k-15k,17802,0,Y,Yes,12,3,80,3,9,4,2,7,1,7
RM733,30,26-35,Female,Research & Development,Laboratory Technician,29064,Yes,3,2,3,Travel_Frequently,109,5,3,Medical,1,1017,60,3,1,2,Single,2422,Upto 5k,25725,0,Y,No,17,1,80,0,4,3,3,2,1,2
RM783,30,26-35,Male,Research & Development,Manufacturing Director,119484,No,6,3,3,Travel_Rarely,1176,20,3,Other,1,1084,85,3,2,1,Married,9957,5k-10k,9096,0,Y,No,15,3,80,1,7,1,2,2,0,2
RM845,30,26-35,Male,Sales,Sales Executive,78936,No,10,3,3,Travel_Rarely,852,10,3,Marketing,1,1179,72,2,2,3,Married,6578,5k-10k,2706,1,Y,No,18,1,80,1,10,3,3,3,1,4
RM866,30,26-35,Male,Sales,Sales Executive,49380,No,4,3,3,Travel_Rarely,1329,29,4,Life Sciences,1,1211,61,3,2,1,Divorced,4115,Upto 5k,13192,8,Y,No,19,3,80,3,8,3,3,3,0,3
RM875,30,26-35,Male,Research & Development,Laboratory Technician,41892,No,10,3,3,Travel_Rarely,853,7,4,Life Sciences,1,1224,49,3,2,3,Divorced,3491,Upto 5k,11309,1,Y,No,13,1,80,3,10,4,2,7,8,9
RM887,30,26-35,Male,Research & Development,Research Scientist,42948,No,11,4,4,Travel_Rarely,1465,1,3,Medical,1,1241,63,3,1,2,Married,3579,Upto 5k,9369,0,Y,Yes,21,1,80,1,12,2,3,9,5,7
RM932,30,26-35,Female,Research & Development,Manufacturing Director,56340,No,8,3,3,Non-Travel,879,9,2,Medical,1,1298,72,3,2,3,Single,4695,Upto 5k,12858,7,Y,Yes,18,3,80,0,10,3,3,4,1,7
RM942,30,26-35,Female,Research & Development,Laboratory Technician,55524,No,9,1,3,Travel_Rarely,1138,6,3,Technical Degree,1,1311,48,2,2,4,Married,4627,Upto 5k,23631,0,Y,No,12,1,80,1,10,6,3,2,6,7
RM949,30,26-35,Female,Research & Development,Manager,142992,No,9,2,4,Travel_Rarely,634,17,4,Medical,1,1321,95,3,3,1,Married,11916,10k-15k,25927,1,Y,Yes,23,4,80,2,9,2,3,1,0,8
RM1014,30,26-35,Female,Sales,Sales Executive,57348,No,3,4,3,Travel_Rarely,855,7,4,Marketing,1,1428,73,3,2,1,Divorced,4779,Upto 5k,12761,7,Y,No,14,2,80,2,8,3,3,2,0,2
RM1050,30,26-35,Male,Sales,Sales Executive,63612,No,2,4,3,Travel_Rarely,1358,16,1,Life Sciences,1,1479,96,3,2,3,Married,5301,5k-10k,2939,8,Y,No,15,3,80,2,4,2,2,1,2,2
RM1053,30,26-35,Male,Research & Development,Research Scientist,15288,No,1,3,3,Non-Travel,990,7,3,Technical Degree,1,1482,64,3,1,3,Divorced,1274,Upto 5k,7152,1,Y,No,13,2,80,2,1,2,2,0,0,0
RM1065,30,26-35,Male,Human Resources,Human Resources,24768,No,5,3,4,Travel_Rarely,330,1,3,Life Sciences,1,1499,46,3,1,3,Divorced,2064,Upto 5k,15428,0,Y,No,21,1,80,1,6,3,4,3,1,3
RM1107,30,26-35,Male,Sales,Sales Executive,116568,Yes,10,2,3,Travel_Rarely,740,1,3,Life Sciences,1,1562,64,2,2,1,Married,9714,5k-10k,5323,1,Y,No,11,4,80,1,10,4,3,8,6,7
RM1110,30,26-35,Male,Sales,Sales Executive,111000,No,4,3,3,Travel_Rarely,1288,29,4,Technical Degree,1,1568,33,3,3,2,Married,9250,5k-10k,17799,3,Y,No,12,2,80,1,9,3,3,2,1,3
RM1142,30,26-35,Male,Research & Development,Research Scientist,25692,No,6,2,3,Travel_Rarely,241,7,3,Medical,1,1609,48,2,1,2,Married,2141,Upto 5k,5348,1,Y,No,12,2,80,1,6,3,2,4,1,1
RM1234,30,26-35,Male,Research & Development,Research Scientist,34344,No,10,2,3,Travel_Rarely,793,16,1,Life Sciences,1,1729,33,3,1,4,Married,2862,Upto 5k,3811,1,Y,No,12,2,80,1,10,2,2,0,0,8
RM1245,30,26-35,Female,Research & Development,Research Scientist,59616,No,9,4,3,Travel_Frequently,1312,2,4,Technical Degree,1,1745,78,2,1,1,Single,4968,Upto 5k,26427,0,Y,No,16,4,80,0,10,2,3,7,0,7
RM1247,30,26-35,Female,Human Resources,Human Resources,26160,Yes,4,3,3,Travel_Frequently,600,8,3,Human Resources,1,1747,66,2,1,4,Divorced,2180,Upto 5k,9732,6,Y,No,11,3,80,1,6,0,2,2,1,2
RM1252,30,26-35,Male,Sales,Sales Executive,85680,No,7,3,3,Travel_Rarely,979,15,2,Marketing,1,1754,94,2,3,1,Divorced,7140,5k-10k,3088,2,Y,No,11,1,80,1,12,2,3,7,1,7
RM1260,30,26-35,Male,Research & Development,Healthcare Representative,63528,No,7,3,3,Travel_Rarely,305,16,3,Life Sciences,1,1763,58,4,2,3,Married,5294,5k-10k,9128,3,Y,No,16,3,80,1,10,3,3,0,1,7
RM1297,30,26-35,Female,Research & Development,Manufacturing Director,116004,No,7,1,3,Travel_Rarely,1092,10,3,Medical,1,1816,64,3,3,3,Single,9667,5k-10k,2739,9,Y,No,14,2,80,0,9,3,3,7,0,2
RM1339,30,26-35,Male,Sales,Sales Representative,12972,Yes,1,2,3,Travel_Rarely,945,9,3,Medical,1,1876,89,3,1,4,Single,1081,Upto 5k,16019,1,Y,No,13,3,80,0,1,3,2,0,0,0
RM1413,30,26-35,Male,Research & Development,Laboratory Technician,44976,No,12,4,3,Travel_Rarely,911,1,2,Medical,1,1989,76,3,1,2,Married,3748,Upto 5k,4077,1,Y,No,13,3,80,0,12,6,2,8,1,7
RM013,31,26-35,Male,Research & Development,Research Scientist,34932,No,5,1,3,Travel_Rarely,670,26,1,Life Sciences,1,16,31,3,1,3,Divorced,2911,Upto 5k,15170,1,Y,No,17,4,80,1,5,1,2,2,4,3
RM059,31,26-35,Male,Research & Development,Laboratory Technician,70980,No,7,4,4,Travel_Rarely,655,7,4,Life Sciences,1,76,48,3,2,4,Divorced,5915,5k-10k,9528,3,Y,No,22,4,80,1,10,3,2,7,1,7
RM073,31,26-35,Male,Research & Development,Research Scientist,30012,No,1,3,3,Travel_Rarely,1082,1,4,Medical,1,95,87,3,1,2,Single,2501,Upto 5k,18775,1,Y,No,17,2,80,0,1,4,3,1,1,
RM076,31,26-35,Female,Research & Development,Manufacturing Director,53088,No,11,3,4,Travel_Rarely,746,8,4,Life Sciences,1,98,61,3,2,4,Single,4424,Upto 5k,20682,1,Y,No,23,4,80,0,11,2,3,7,1,
RM125,31,26-35,Male,Sales,Sales Executive,74064,Yes,7,2,3,Travel_Rarely,249,6,4,Life Sciences,1,163,76,1,2,3,Married,6172,5k-10k,20739,4,Y,Yes,18,2,80,0,12,3,2,7,7,7
RM133,31,26-35,Female,Sales,Sales Executive,54708,Yes,2,2,3,Travel_Rarely,542,20,3,Life Sciences,1,175,71,1,2,3,Married,4559,Upto 5k,24788,3,Y,Yes,11,3,80,1,4,2,3,2,2,2
RM181,31,26-35,Female,Research & Development,Research Scientist,47148,No,4,3,4,Travel_Rarely,140,12,1,Medical,1,246,95,3,1,4,Married,3929,Upto 5k,6984,8,Y,Yes,23,3,80,1,7,0,3,2,0,2
RM225,31,26-35,Male,Research & Development,Manufacturing Director,52140,No,5,3,3,Non-Travel,979,1,4,Medical,1,308,90,1,2,3,Married,4345,Upto 5k,4381,0,Y,No,12,4,80,1,6,2,3,4,1,4
RM246,31,26-35,Male,Research & Development,Research Director,164100,No,2,2,3,Travel_Frequently,1327,3,4,Medical,1,337,73,3,3,3,Divorced,13675,10k-15k,13523,9,Y,No,12,1,80,1,9,3,3,2,2,2
RM260,31,26-35,Male,Research & Development,Laboratory Technician,41748,Yes,5,3,3,Travel_Frequently,307,29,2,Medical,1,355,71,2,1,2,Single,3479,Upto 5k,11652,0,Y,No,11,2,80,0,6,2,4,4,1,4
RM267,31,26-35,Male,Research & Development,Healthcare Representative,66984,No,9,2,4,Travel_Rarely,1463,23,3,Medical,1,367,64,2,2,4,Married,5582,5k-10k,14408,0,Y,No,21,2,80,1,10,2,3,0,7,8
RM293,31,26-35,Female,Sales,Sales Representative,33468,No,2,4,3,Travel_Frequently,444,5,3,Marketing,1,399,84,3,1,2,Divorced,2789,Upto 5k,3909,1,Y,No,11,3,80,1,2,5,2,2,2,2
RM304,31,26-35,Male,Sales,Sales Executive,83148,No,8,2,3,Travel_Rarely,218,7,3,Technical Degree,1,416,100,4,2,4,Married,6929,5k-10k,12241,4,Y,No,11,2,80,1,10,3,2,7,7,7
RM310,31,26-35,Male,Research & Development,Research Scientist,57852,No,5,3,3,Travel_Rarely,691,5,4,Technical Degree,1,423,86,3,1,4,Married,4821,Upto 5k,10077,0,Y,Yes,12,3,80,1,6,4,3,2,0,3
RM311,31,26-35,Male,Human Resources,Human Resources,76920,No,2,1,3,Travel_Rarely,106,2,3,Human Resources,1,424,62,2,2,1,Married,6410,5k-10k,17822,3,Y,No,12,4,80,0,9,1,3,2,1,0
RM313,31,26-35,Male,Research & Development,Research Scientist,32340,No,2,3,3,Travel_Rarely,192,2,4,Life Sciences,1,426,32,3,1,4,Divorced,2695,Upto 5k,7747,0,Y,Yes,18,2,80,1,3,2,1,2,2,2
RM322,31,26-35,Male,Sales,Sales Executive,90564,No,7,4,3,Travel_Rarely,691,7,3,Marketing,1,438,73,3,2,4,Divorced,7547,5k-10k,7143,4,Y,No,12,4,80,3,13,3,3,7,1,7
RM326,31,26-35,Female,Research & Development,Manufacturing Director,107316,No,10,3,4,Travel_Frequently,798,7,2,Life Sciences,1,442,48,2,3,3,Married,8943,5k-10k,14034,1,Y,No,24,1,80,1,10,2,3,9,8,9
RM343,31,26-35,Female,Research & Development,Manufacturing Director,85716,No,11,3,3,Travel_Rarely,1232,7,4,Medical,1,462,39,3,3,4,Single,7143,5k-10k,25713,1,Y,Yes,14,3,80,0,11,2,2,9,4,10
RM370,31,26-35,Male,Research & Development,Research Scientist,31884,No,2,3,3,Travel_Rarely,408,9,4,Life Sciences,1,493,42,2,1,2,Single,2657,Upto 5k,7551,0,Y,Yes,16,4,80,0,3,5,3,2,2,2
RM395,31,26-35,Female,Research & Development,Manufacturing Director,51672,No,13,2,3,Travel_Rarely,480,7,2,Medical,1,524,31,3,2,1,Married,4306,Upto 5k,4156,1,Y,No,12,2,80,1,13,5,1,10,3,12
RM400,31,26-35,Male,Research & Development,Laboratory Technician,26616,No,4,4,3,Travel_Rarely,329,1,2,Life Sciences,1,530,98,2,1,1,Married,2218,Upto 5k,16193,1,Y,No,12,3,80,1,4,3,3,2,3,2
RM435,31,26-35,Male,Research & Development,Manufacturing Director,127776,No,13,3,4,Travel_Rarely,1274,9,1,Life Sciences,1,581,33,3,3,2,Divorced,10648,10k-15k,14394,1,Y,No,25,4,80,1,13,6,4,8,0,8
RM440,31,26-35,Male,Research & Development,Healthcare Representative,117888,Yes,1,1,3,Travel_Frequently,534,20,3,Life Sciences,1,587,66,3,3,3,Married,9824,5k-10k,22908,3,Y,No,12,1,80,0,12,2,3,0,0,0
RM451,31,26-35,Male,Sales,Sales Executive,78984,No,6,2,3,Travel_Rarely,828,2,1,Life Sciences,1,604,77,3,2,4,Single,6582,5k-10k,8346,4,Y,Yes,13,3,80,0,10,2,4,5,0,5
RM457,31,26-35,Male,Sales,Manager,138684,No,5,3,4,Travel_Rarely,688,7,3,Life Sciences,1,613,44,2,3,4,Divorced,11557,10k-15k,25291,9,Y,No,21,3,80,1,10,3,2,4,0,1
RM483,31,26-35,Male,Sales,Sales Executive,50796,Yes,3,2,3,Travel_Rarely,1365,13,4,Medical,1,650,46,3,2,1,Divorced,4233,Upto 5k,11512,2,Y,No,17,3,80,0,9,2,1,1,1,2
RM485,31,26-35,Male,Sales,Sales Executive,65520,No,7,1,4,Travel_Rarely,525,6,4,Medical,1,653,66,4,2,4,Divorced,5460,5k-10k,6219,4,Y,No,22,4,80,2,13,4,4,7,5,7
RM645,31,26-35,Male,Research & Development,Research Scientist,28272,No,6,4,3,Travel_Rarely,1222,11,4,Life Sciences,1,895,48,3,1,4,Married,2356,Upto 5k,14871,3,Y,Yes,19,2,80,1,8,2,3,4,0,2
RM676,31,26-35,Male,Sales,Sales Representative,27948,No,7,2,3,Travel_Rarely,154,7,4,Life Sciences,1,941,41,2,1,3,Married,2329,Upto 5k,11737,3,Y,No,15,2,80,0,13,2,4,7,5,2
RM680,31,26-35,Female,Sales,Sales Executive,83184,No,9,4,3,Non-Travel,1188,20,2,Marketing,1,947,45,3,2,3,Married,6932,5k-10k,24406,1,Y,No,13,4,80,1,9,2,2,8,0,0
RM691,31,26-35,Female,Research & Development,Healthcare Representative,70260,No,9,4,3,Travel_Rarely,616,12,3,Medical,1,961,41,3,2,4,Married,5855,5k-10k,17369,0,Y,Yes,11,3,80,2,10,2,1,7,8,5
RM710,31,26-35,Male,Research & Development,Research Scientist,27852,Yes,3,3,4,Non-Travel,335,9,2,Medical,1,991,46,2,1,1,Single,2321,Upto 5k,10322,0,Y,Yes,22,1,80,0,4,0,3,2,1,2
RM727,31,26-35,Female,Research & Development,Manufacturing Director,49776,No,4,3,3,Travel_Frequently,853,1,1,Life Sciences,1,1011,96,3,2,1,Married,4148,Upto 5k,11275,1,Y,No,12,3,80,1,4,1,3,3,0,3
RM819,31,26-35,Male,Sales,Sales Representative,33492,No,2,3,3,Travel_Frequently,793,20,3,Life Sciences,1,1135,67,4,1,4,Married,2791,Upto 5k,21981,0,Y,No,12,1,80,1,3,4,3,2,2,2
RM832,31,26-35,Male,Research & Development,Laboratory Technician,31320,Yes,2,3,3,Travel_Frequently,874,15,3,Medical,1,1160,72,3,1,3,Married,2610,Upto 5k,6233,1,Y,No,12,3,80,1,2,5,2,2,2,2
RM896,31,26-35,Male,Research & Development,Healthcare Representative,81996,No,6,3,3,Travel_Rarely,1332,11,2,Medical,1,1251,80,3,2,1,Married,6833,5k-10k,17089,1,Y,Yes,12,4,80,0,6,2,2,5,0,1
RM897,31,26-35,Female,Research & Development,Healthcare Representative,81744,No,10,3,3,Travel_Rarely,1062,24,3,Medical,1,1252,96,2,2,1,Single,6812,5k-10k,17198,1,Y,No,19,2,80,0,10,2,3,9,1,8
RM951,31,26-35,Female,Sales,Sales Executive,118224,No,10,4,3,Non-Travel,587,2,4,Life Sciences,1,1324,57,3,3,3,Divorced,9852,5k-10k,8935,1,Y,Yes,19,1,80,1,10,5,2,8,9,6
RM953,31,26-35,Female,Sales,Sales Representative,27624,Yes,3,4,3,Travel_Frequently,1060,1,3,Life Sciences,1,1331,54,3,1,2,Single,2302,Upto 5k,8319,1,Y,Yes,11,1,80,0,3,2,4,2,2,2
RM981,31,26-35,Female,Sales,Sales Representative,33420,Yes,1,3,3,Travel_Frequently,703,2,3,Life Sciences,1,1379,90,2,1,4,Single,2785,Upto 5k,11882,7,Y,No,14,3,80,0,3,3,4,0,0,0
RM986,31,26-35,Male,Research & Development,Manufacturing Director,74148,Yes,10,4,3,Travel_Rarely,330,22,4,Medical,1,1389,98,3,2,3,Married,6179,5k-10k,21057,1,Y,Yes,15,4,80,2,10,3,2,2,6,7
RM1013,31,26-35,Female,Sales,Sales Representative,16308,Yes,1,2,3,Travel_Frequently,667,1,4,Life Sciences,1,1427,50,1,1,3,Single,1359,Upto 5k,16154,1,Y,No,12,2,80,0,1,3,3,0,0,0
RM1015,31,26-35,Female,Research & Development,Research Director,197064,No,3,1,3,Travel_Rarely,182,8,5,Life Sciences,1,1430,93,3,4,2,Single,16422,15k+,8847,3,Y,No,11,3,80,0,9,3,4,2,1,0
RM1017,31,26-35,Female,Research & Development,Research Scientist,15132,Yes,1,1,3,Travel_Rarely,202,8,3,Life Sciences,1,1433,34,2,1,2,Single,1261,Upto 5k,22262,1,Y,No,12,3,80,0,1,3,4,0,0,0
RM1031,31,26-35,Male,Sales,Sales Executive,129516,No,13,1,3,Travel_Rarely,326,8,2,Life Sciences,1,1453,31,3,3,4,Divorced,10793,10k-15k,8386,1,Y,No,18,1,80,1,13,5,3,7,9,9
RM1034,31,26-35,Female,Research & Development,Manufacturing Director,89352,Yes,10,3,3,Travel_Frequently,1445,1,5,Life Sciences,1,1459,100,4,3,2,Single,7446,5k-10k,8931,1,Y,No,11,1,80,0,10,2,3,8,4,7
RM1036,31,26-35,Female,Human Resources,Human Resources,25308,No,3,4,3,Travel_Rarely,1398,8,2,Medical,1,1461,96,4,1,2,Single,2109,Upto 5k,24609,9,Y,No,18,4,80,0,8,3,3,2,0,2
RM1037,31,26-35,Male,Research & Development,Laboratory Technician,44664,Yes,2,2,3,Travel_Frequently,523,2,3,Life Sciences,1,1464,94,3,1,4,Married,3722,Upto 5k,21081,6,Y,Yes,13,3,80,1,7,2,1,2,2,2
RM1086,31,26-35,Female,Research & Development,Research Scientist,49008,Yes,7,4,3,Travel_Frequently,561,3,3,Life Sciences,1,1537,33,3,1,3,Single,4084,Upto 5k,4156,1,Y,No,12,1,80,0,7,2,1,2,7,7
RM1145,31,26-35,Male,Sales,Sales Executive,63984,No,5,4,3,Travel_Frequently,715,2,4,Other,1,1613,54,3,2,1,Single,5332,5k-10k,21602,7,Y,No,13,4,80,0,10,3,3,2,0,3
RM1192,31,26-35,Female,Sales,Sales Executive,65712,No,10,1,3,Travel_Rarely,1112,5,4,Life Sciences,1,1673,67,3,2,4,Married,5476,5k-10k,22589,1,Y,No,11,1,80,2,10,2,3,0,0,2
RM1228,31,26-35,Male,Research & Development,Laboratory Technician,41724,No,5,2,3,Travel_Rarely,741,2,4,Life Sciences,1,1721,69,3,1,3,Married,3477,Upto 5k,18103,1,Y,No,14,4,80,1,6,2,4,2,0,3
RM1240,31,26-35,Female,Research & Development,Manufacturing Director,62856,No,5,4,4,Travel_Frequently,163,24,1,Technical Degree,1,1736,30,3,2,4,Single,5238,5k-10k,6670,2,Y,No,20,4,80,0,9,3,2,4,1,4
RM1248,31,26-35,Male,Sales,Sales Executive,100152,No,5,1,3,Travel_Rarely,1003,5,3,Technical Degree,1,1749,51,3,2,3,Married,8346,5k-10k,20943,1,Y,No,19,3,80,1,6,3,3,2,0,2
RM1258,31,26-35,Male,Sales,Sales Executive,97932,Yes,1,1,3,Travel_Rarely,1079,16,4,Marketing,1,1761,70,3,3,3,Married,8161,5k-10k,19002,2,Y,No,13,1,80,3,10,2,3,0,0,0
RM1275,31,26-35,Female,Sales,Sales Executive,65616,No,12,1,3,Travel_Rarely,196,29,4,Marketing,1,1784,91,2,2,4,Married,5468,5k-10k,13402,1,Y,No,14,1,80,2,13,3,3,7,5,7
RM1307,31,26-35,Female,Sales,Sales Executive,115644,No,3,1,3,Travel_Frequently,1125,7,4,Marketing,1,1833,68,3,3,1,Married,9637,5k-10k,8277,2,Y,No,14,4,80,2,9,3,3,2,2,2
RM1313,31,26-35,Male,Human Resources,Human Resources,35472,Yes,1,4,3,Travel_Rarely,359,18,5,Human Resources,1,1842,89,4,1,1,Married,2956,Upto 5k,21495,0,Y,No,17,3,80,0,2,4,3,0,0,0
RM1342,31,26-35,Male,Research & Development,Laboratory Technician,50364,No,10,2,3,Travel_Rarely,311,20,3,Life Sciences,1,1881,89,3,2,3,Divorced,4197,Upto 5k,18624,1,Y,No,11,1,80,1,10,2,3,8,0,2
RM1359,31,26-35,Female,Sales,Sales Executive,78996,No,5,3,3,Travel_Rarely,1079,10,2,Medical,1,1912,86,3,2,4,Divorced,6583,5k-10k,20115,2,Y,Yes,11,4,80,1,8,2,3,2,1,4
RM1361,31,26-35,Female,Research & Development,Laboratory Technician,47736,No,2,1,3,Travel_Rarely,471,4,3,Medical,1,1916,62,4,1,3,Divorced,3978,Upto 5k,16031,8,Y,No,12,2,80,1,4,0,2,2,2,2
RM1383,31,26-35,Male,Research & Development,Research Scientist,36780,No,4,3,3,Non-Travel,976,3,2,Medical,1,1948,48,3,1,1,Divorced,3065,Upto 5k,3995,1,Y,Yes,13,4,80,1,4,3,4,2,2,3
RM1390,31,26-35,Male,Research & Development,Research Scientist,60036,No,10,4,4,Travel_Frequently,1125,1,3,Life Sciences,1,1956,48,1,2,1,Married,5003,5k-10k,5771,1,Y,No,21,2,80,0,10,6,3,8,8,7
RM1396,31,26-35,Male,Sales,Sales Executive,67404,Yes,10,1,3,Travel_Frequently,754,26,4,Marketing,1,1967,63,3,2,4,Married,5617,5k-10k,21075,1,Y,Yes,11,3,80,0,10,4,3,7,0,8
RM1403,31,26-35,Female,Research & Development,Laboratory Technician,13548,No,1,4,3,Travel_Rarely,1276,2,1,Medical,1,1974,59,1,1,4,Divorced,1129,Upto 5k,17536,1,Y,Yes,11,3,80,3,1,4,3,0,0,0
RM1406,31,26-35,Female,Research & Development,Research Director,132372,No,11,3,4,Non-Travel,697,10,3,Medical,1,1979,40,3,3,3,Married,11031,10k-15k,26862,4,Y,No,20,3,80,1,13,2,4,7,4,8
RM1418,31,26-35,Male,Sales,Sales Representative,36804,No,2,1,3,Travel_Rarely,1154,2,2,Life Sciences,1,1996,54,3,1,3,Married,3067,Upto 5k,6393,0,Y,No,19,3,80,1,3,1,3,2,1,2
RM1464,31,26-35,Male,Research & Development,Manufacturing Director,119232,No,9,2,3,Non-Travel,325,5,3,Medical,1,2057,74,3,2,1,Single,9936,5k-10k,3787,0,Y,No,19,2,80,0,10,2,3,4,1,7
RM1464,31,26-35,Male,Research & Development,Manufacturing Director,119232,No,9,2,3,Non-Travel,325,5,3,Medical,1,2057,74,3,2,1,Single,9936,5k-10k,3787,0,Y,No,19,2,80,0,10,2,3,4,1,7
RM006,32,26-35,Male,Research & Development,Laboratory Technician,36816,No,7,4,3,Travel_Frequently,1005,2,2,Life Sciences,1,8,79,3,1,4,Single,3068,Upto 5k,11864,0,Y,No,13,3,80,0,8,2,2,7,3,6
RM017,32,26-35,Male,Research & Development,Research Scientist,39576,No,6,1,3,Travel_Rarely,334,5,2,Life Sciences,1,21,80,4,1,2,Divorced,3298,Upto 5k,15053,0,Y,Yes,12,4,80,2,7,5,2,2,0,5
RM027,32,26-35,Female,Research & Development,Research Scientist,47028,Yes,10,2,4,Travel_Frequently,1125,16,1,Life Sciences,1,33,72,1,1,1,Single,3919,Upto 5k,4681,1,Y,Yes,22,2,80,0,10,5,3,2,6,
RM061,32,26-35,Male,Research & Development,Manufacturing Director,73944,No,9,1,4,Travel_Rarely,427,1,3,Medical,1,78,33,3,2,4,Married,6162,5k-10k,10877,1,Y,Yes,22,2,80,1,9,3,3,8,7,8
RM074,32,26-35,Male,Research & Development,Research Scientist,74640,No,10,2,3,Travel_Rarely,548,1,3,Life Sciences,1,96,66,3,2,2,Married,6220,5k-10k,7346,1,Y,No,17,2,80,2,10,3,3,4,0,
RM095,32,26-35,Male,Sales,Sales Executive,60120,No,11,2,3,Travel_Rarely,1093,6,4,Medical,1,125,87,3,2,3,Single,5010,5k-10k,24301,1,Y,No,16,1,80,0,12,0,3,8,5,7
RM102,32,26-35,Male,Research & Development,Research Scientist,35472,No,1,4,3,Travel_Rarely,827,1,1,Life Sciences,1,134,71,3,1,1,Single,2956,Upto 5k,15178,1,Y,No,13,4,80,0,1,2,3,0,0,0
RM141,32,26-35,Female,Research & Development,Laboratory Technician,50400,Yes,5,1,4,Travel_Rarely,1033,9,3,Medical,1,190,41,3,1,1,Single,4200,Upto 5k,10224,7,Y,No,22,1,80,0,10,2,4,4,0,
RM145,32,26-35,Male,Sales,Sales Executive,56016,No,8,4,3,Travel_Frequently,689,9,2,Medical,1,195,35,1,2,4,Divorced,4668,Upto 5k,22812,0,Y,No,17,4,80,3,9,2,4,7,0,
RM155,32,26-35,Female,Sales,Sales Executive,107976,No,9,2,3,Travel_Frequently,967,8,3,Marketing,1,207,43,3,3,4,Single,8998,5k-10k,15589,1,Y,No,14,4,80,0,9,2,3,8,3,7
RM170,32,26-35,Male,Research & Development,Research Scientist,36456,No,5,3,4,Travel_Rarely,120,6,5,Life Sciences,1,231,43,3,1,3,Single,3038,Upto 5k,12430,3,Y,No,20,1,80,0,8,2,3,4,1,4
RM211,32,26-35,Male,Sales,Sales Executive,124800,Yes,14,4,3,Travel_Rarely,1045,4,4,Medical,1,291,32,1,3,4,Married,10400,10k-15k,25812,1,Y,No,11,3,80,0,14,2,2,8,9,
RM239,32,26-35,Female,Sales,Sales Representative,47172,No,4,3,3,Travel_Rarely,1401,4,2,Life Sciences,1,330,56,3,1,2,Married,3931,Upto 5k,20990,2,Y,No,11,1,80,1,6,5,3,3,1,2
RM240,32,26-35,Male,Research & Development,Laboratory Technician,44760,Yes,3,4,3,Travel_Rarely,515,1,3,Life Sciences,1,331,62,2,1,3,Single,3730,Upto 5k,9571,0,Y,Yes,14,4,80,0,4,2,1,2,1,2
RM242,32,26-35,Male,Sales,Sales Executive,53580,No,3,3,3,Non-Travel,976,26,4,Marketing,1,333,100,3,2,4,Married,4465,Upto 5k,12069,0,Y,No,18,1,80,0,4,2,3,2,2,2
RM261,32,26-35,Male,Research & Development,Laboratory Technician,33528,No,5,2,4,Travel_Frequently,1311,7,3,Life Sciences,1,359,100,4,1,2,Married,2794,Upto 5k,26062,1,Y,No,20,3,80,0,5,3,1,1,0,3
RM263,32,26-35,Male,Research & Development,Laboratory Technician,26112,No,6,4,3,Travel_Rarely,128,2,1,Technical Degree,1,362,84,2,2,1,Single,2176,Upto 5k,19737,4,Y,No,13,4,80,0,9,5,3,2,0,4
RM307,32,26-35,Male,Sales,Sales Executive,65808,No,13,4,3,Travel_Rarely,906,7,3,Life Sciences,1,420,91,2,2,3,Married,5484,5k-10k,16985,1,Y,No,14,3,80,1,13,3,2,8,4,8
RM320,32,26-35,Female,Sales,Sales Executive,62736,No,13,3,3,Travel_Rarely,588,8,2,Technical Degree,1,436,65,2,2,2,Married,5228,5k-10k,24624,1,Y,Yes,11,4,80,0,13,2,3,12,11,9
RM323,32,26-35,Female,Research & Development,Research Scientist,60660,No,7,1,3,Travel_Rarely,1018,2,4,Medical,1,439,74,4,2,4,Single,5055,5k-10k,10557,7,Y,No,16,3,80,0,10,0,2,7,0,7
RM352,32,26-35,Female,Research & Development,Laboratory Technician,28440,No,8,3,3,Travel_Rarely,1062,2,3,Medical,1,471,75,3,1,2,Married,2370,Upto 5k,3956,1,Y,No,13,3,80,1,8,4,3,0,0,7
RM470,32,26-35,Male,Sales,Sales Executive,56484,Yes,4,4,3,Non-Travel,1474,11,4,Other,1,631,60,4,2,3,Married,4707,Upto 5k,23914,8,Y,No,12,4,80,0,6,2,3,2,1,2
RM501,32,26-35,Female,Research & Development,Research Scientist,75864,No,6,1,3,Travel_Rarely,646,9,4,Life Sciences,1,679,92,3,2,4,Married,6322,5k-10k,18089,1,Y,Yes,12,4,80,1,6,2,2,4,0,5
RM528,32,26-35,Male,Sales,Sales Executive,64752,No,10,4,3,Travel_Rarely,929,10,3,Marketing,1,722,55,3,2,4,Single,5396,5k-10k,21703,1,Y,No,12,4,80,0,10,2,2,7,0,8
RM532,32,26-35,Female,Research & Development,Research Director,133908,No,7,3,3,Travel_Rarely,1018,3,2,Life Sciences,1,727,39,3,3,4,Single,11159,10k-15k,19373,3,Y,No,15,4,80,0,10,6,3,7,7,7
RM559,32,26-35,Male,Research & Development,Laboratory Technician,63708,No,10,1,3,Travel_Frequently,430,24,4,Life Sciences,1,772,80,3,2,4,Married,5309,5k-10k,21146,1,Y,No,15,4,80,2,10,2,3,8,4,7
RM601,32,26-35,Female,Research & Development,Manufacturing Director,73944,No,14,3,3,Travel_Rarely,859,4,3,Life Sciences,1,830,98,2,2,3,Married,6162,5k-10k,19124,1,Y,No,12,3,80,1,14,3,3,13,6,8
RM623,32,26-35,Male,Sales,Sales Executive,52836,No,5,2,3,Travel_Rarely,117,13,4,Life Sciences,1,859,73,3,2,4,Divorced,4403,Upto 5k,9250,2,Y,No,11,3,80,1,8,3,2,2,0,3
RM627,32,26-35,Female,Research & Development,Research Scientist,62100,No,5,3,3,Travel_Rarely,638,8,2,Medical,1,865,91,4,2,3,Married,5175,5k-10k,22162,5,Y,No,12,3,80,1,9,3,2,3,1,3
RM638,32,26-35,Male,Research & Development,Laboratory Technician,27768,No,3,4,3,Non-Travel,300,1,3,Life Sciences,1,882,61,3,1,4,Divorced,2314,Upto 5k,9148,0,Y,No,12,2,80,1,4,2,3,0,0,2
RM642,32,26-35,Male,Sales,Sales Executive,78288,No,10,2,3,Travel_Frequently,379,5,2,Life Sciences,1,889,48,3,2,2,Married,6524,5k-10k,8891,1,Y,No,14,4,80,1,10,3,3,8,5,3
RM657,32,26-35,Male,Research & Development,Laboratory Technician,33540,Yes,1,1,4,Travel_Rarely,374,25,4,Life Sciences,1,911,87,3,1,4,Single,2795,Upto 5k,18016,1,Y,Yes,24,3,80,0,1,2,1,0,0,1
RM683,32,26-35,Female,Research & Development,Laboratory Technician,27984,No,3,3,4,Non-Travel,1184,1,3,Life Sciences,1,951,70,2,1,2,Married,2332,Upto 5k,3974,6,Y,No,20,3,80,0,5,3,3,0,0,2
RM693,32,26-35,Female,Research & Development,Manufacturing Director,80700,No,8,3,3,Travel_Rarely,498,3,4,Medical,1,966,93,3,2,1,Married,6725,5k-10k,13554,1,Y,No,12,3,80,1,8,2,4,7,6,3
RM757,32,26-35,Female,Research & Development,Laboratory Technician,48300,No,8,4,3,Non-Travel,1109,29,4,Medical,1,1046,69,3,1,3,Single,4025,Upto 5k,11135,9,Y,No,12,2,80,0,10,2,3,7,7,7
RM851,32,26-35,Female,Sales,Sales Representative,33924,No,1,3,3,Non-Travel,862,2,1,Life Sciences,1,1190,76,3,1,1,Divorced,2827,Upto 5k,14947,1,Y,No,12,3,80,3,1,3,3,0,0,0
RM881,32,26-35,Female,Research & Development,Laboratory Technician,32916,No,2,3,4,Travel_Frequently,116,13,3,Other,1,1234,77,2,1,2,Married,2743,Upto 5k,7331,1,Y,No,20,3,80,1,2,2,3,2,2,2
RM882,32,26-35,Female,Research & Development,Research Scientist,59976,No,8,4,3,Travel_Frequently,1316,2,2,Life Sciences,1,1235,38,3,2,3,Single,4998,Upto 5k,2338,4,Y,Yes,14,4,80,0,10,2,3,7,0,7
RM936,32,26-35,Male,Sales,Sales Executive,74508,No,10,3,3,Travel_Rarely,604,8,3,Medical,1,1304,56,4,2,4,Married,6209,5k-10k,11693,1,Y,No,15,3,80,2,10,4,4,7,0,8
RM940,32,26-35,Male,Research & Development,Laboratory Technician,58596,Yes,10,4,3,Travel_Rarely,1089,7,2,Life Sciences,1,1309,79,3,2,3,Married,4883,Upto 5k,22845,1,Y,No,18,1,80,1,10,3,3,4,1,1
RM992,32,26-35,Male,Sales,Sales Executive,48936,No,3,3,3,Travel_Rarely,499,2,1,Marketing,1,1396,36,3,2,2,Married,4078,Upto 5k,20497,0,Y,Yes,13,1,80,3,4,3,2,2,1,2
RM1027,32,26-35,Male,Sales,Sales Executive,110448,No,4,4,3,Travel_Rarely,601,7,5,Marketing,1,1446,97,3,2,4,Married,9204,5k-10k,23343,4,Y,No,12,3,80,1,7,3,2,3,0,3
RM1076,32,26-35,Male,Research & Development,Manager,134928,No,5,3,4,Travel_Rarely,495,10,3,Medical,1,1516,64,3,3,4,Single,11244,10k-15k,21072,2,Y,No,25,2,80,0,10,5,4,2,0,0
RM1102,32,26-35,Female,Research & Development,Research Scientist,70536,No,7,4,3,Travel_Rarely,824,5,2,Life Sciences,1,1555,67,2,2,2,Married,5878,5k-10k,15624,3,Y,No,12,1,80,1,12,2,3,1,2,5
RM1114,32,26-35,Male,Research & Development,Research Scientist,49044,No,6,4,3,Non-Travel,1200,1,4,Technical Degree,1,1574,62,3,2,1,Married,4087,Upto 5k,25174,4,Y,No,14,2,80,1,9,3,2,5,1,2
RM1140,32,26-35,Female,Research & Development,Research Scientist,39744,No,3,2,3,Travel_Rarely,634,5,4,Other,1,1607,35,4,1,4,Married,3312,Upto 5k,18783,3,Y,No,17,4,80,2,6,3,3,2,0,2
RM1191,32,26-35,Male,Research & Development,Research Scientist,65640,No,9,4,3,Travel_Rarely,977,2,3,Medical,1,1671,45,3,2,2,Divorced,5470,5k-10k,25518,0,Y,No,13,3,80,2,10,4,2,5,1,6
RM1206,32,26-35,Male,Research & Development,Laboratory Technician,16716,Yes,1,4,3,Travel_Rarely,1259,2,4,Life Sciences,1,1692,95,3,1,2,Single,1393,Upto 5k,24852,1,Y,No,12,1,80,0,1,2,3,0,0,0
RM1227,32,26-35,Male,Research & Development,Research Scientist,41196,No,5,1,3,Travel_Frequently,585,10,3,Life Sciences,1,1720,56,3,1,3,Married,3433,Upto 5k,17360,6,Y,No,13,1,80,1,10,3,2,2,1,3
RM1238,32,26-35,Male,Sales,Sales Executive,80820,Yes,0,1,3,Travel_Rarely,964,1,2,Life Sciences,1,1734,34,1,2,2,Single,6735,5k-10k,12147,6,Y,No,15,2,80,0,10,2,3,0,0,0
RM1242,32,26-35,Male,Sales,Sales Executive,115320,No,4,4,3,Travel_Rarely,371,19,3,Life Sciences,1,1739,80,1,3,3,Married,9610,5k-10k,3840,3,Y,No,13,3,80,1,10,2,1,3,0,2
RM1261,32,26-35,Male,Research & Development,Research Scientist,32616,No,7,2,3,Non-Travel,953,5,4,Technical Degree,1,1764,65,3,1,2,Single,2718,Upto 5k,17674,2,Y,No,14,2,80,0,12,3,3,7,0,7
RM1320,32,26-35,Male,Sales,Sales Executive,55776,No,0,4,3,Travel_Frequently,1318,10,4,Marketing,1,1853,79,3,2,4,Single,4648,Upto 5k,26075,8,Y,No,13,3,80,0,4,2,4,0,0,0
RM1327,32,26-35,Male,Sales,Sales Executive,118884,Yes,2,3,3,Travel_Rarely,414,2,4,Marketing,1,1862,82,2,2,2,Single,9907,5k-10k,26186,7,Y,Yes,12,3,80,0,7,3,2,2,2,2
RM1376,32,26-35,Female,Research & Development,Research Scientist,29184,Yes,4,1,3,Travel_Frequently,238,5,2,Life Sciences,1,1939,47,4,1,3,Single,2432,Upto 5k,15318,3,Y,Yes,14,1,80,0,8,2,3,1,0,3
RM1389,32,26-35,Female,Research & Development,Healthcare Representative,80004,No,5,3,3,Non-Travel,1146,15,4,Medical,1,1955,34,3,2,4,Divorced,6667,5k-10k,16542,5,Y,No,18,2,80,1,9,6,3,1,1,2
RM1395,32,26-35,Male,Research & Development,Manufacturing Director,116148,No,1,4,4,Travel_Rarely,1373,5,4,Life Sciences,1,1966,56,2,2,4,Single,9679,5k-10k,10138,8,Y,No,24,2,80,0,8,1,3,0,0,0
RM1427,32,26-35,Female,Research & Development,Laboratory Technician,34044,No,6,3,3,Travel_Rarely,267,29,4,Life Sciences,1,2010,49,2,1,2,Single,2837,Upto 5k,15919,1,Y,No,13,3,80,0,6,3,3,2,4,1
RM1429,32,26-35,Male,Sales,Sales Representative,27228,No,2,2,3,Travel_Rarely,234,1,4,Medical,1,2013,68,2,1,2,Married,2269,Upto 5k,18024,0,Y,No,14,2,80,1,3,2,3,2,2,2
RM1432,32,26-35,Female,Sales,Sales Executive,125064,No,14,3,3,Travel_Rarely,801,1,4,Marketing,1,2016,48,3,3,4,Married,10422,10k-15k,24032,1,Y,No,19,3,80,2,14,3,3,10,5,7
RM1450,32,26-35,Male,Research & Development,Research Scientist,29268,No,4,4,3,Travel_Rarely,529,2,3,Technical Degree,1,2038,78,3,1,1,Single,2439,Upto 5k,11288,1,Y,No,14,4,80,0,4,4,3,2,1,2
RM004,33,26-35,Female,Research & Development,Research Scientist,34908,No,8,4,3,Travel_Frequently,1392,3,4,Life Sciences,1,5,56,3,1,3,Married,2909,Upto 5k,23159,1,Y,Yes,11,3,80,0,8,3,3,7,3,0
RM031,33,26-35,Male,Research & Development,Laboratory Technician,29952,No,1,3,3,Travel_Rarely,924,2,3,Medical,1,39,78,3,1,4,Single,2496,Upto 5k,6670,4,Y,No,11,4,80,0,7,3,3,1,0,
RM040,33,26-35,Female,Sales,Sales Executive,64512,No,5,3,3,Travel_Frequently,1141,1,3,Life Sciences,1,52,42,4,2,1,Married,5376,5k-10k,3193,2,Y,No,19,1,80,2,10,3,3,3,1,3
RM056,33,26-35,Female,Research & Development,Research Director,161496,No,15,1,3,Travel_Frequently,515,1,2,Life Sciences,1,73,98,3,3,4,Single,13458,10k-15k,15146,1,Y,Yes,12,3,80,0,15,1,3,14,8,12
RM122,33,26-35,Male,Sales,Sales Executive,73752,No,7,3,3,Non-Travel,750,22,2,Marketing,1,160,95,3,2,2,Married,6146,5k-10k,15480,0,Y,No,13,1,80,1,8,2,4,7,0,7
RM177,33,26-35,Male,Research & Development,Research Scientist,30000,No,3,3,3,Travel_Rarely,134,2,3,Life Sciences,1,242,90,3,1,4,Single,2500,Upto 5k,10515,0,Y,No,14,1,80,0,4,2,4,1,0,2
RM186,33,26-35,Female,Research & Development,Research Scientist,33072,No,8,4,3,Travel_Rarely,931,14,3,Medical,1,252,72,3,1,2,Married,2756,Upto 5k,4673,1,Y,No,13,4,80,1,8,5,3,7,1,6
RM222,33,26-35,Female,Research & Development,Research Scientist,31464,No,3,3,4,Travel_Rarely,147,4,4,Medical,1,305,47,2,1,2,Married,2622,Upto 5k,13248,6,Y,No,21,4,80,0,7,3,3,2,1,1
RM235,33,26-35,Male,Research & Development,Laboratory Technician,29232,Yes,5,3,3,Travel_Rarely,813,14,3,Medical,1,325,58,3,1,4,Married,2436,Upto 5k,22149,5,Y,Yes,13,3,80,1,8,2,1,4,0,4
RM237,33,26-35,Female,Research & Development,Laboratory Technician,32484,Yes,9,1,4,Travel_Rarely,465,2,2,Life Sciences,1,328,39,3,1,1,Married,2707,Upto 5k,21509,7,Y,No,20,1,80,0,13,3,4,7,1,7
RM247,33,26-35,Female,Research & Development,Research Scientist,34932,No,2,3,3,Travel_Rarely,832,5,4,Life Sciences,1,338,63,2,1,4,Married,2911,Upto 5k,14776,1,Y,No,13,3,80,1,2,2,2,2,0,2
RM314,33,26-35,Female,Research & Development,Manager,142536,No,10,4,3,Travel_Frequently,553,5,4,Life Sciences,1,428,74,3,3,2,Married,11878,10k-15k,23364,6,Y,No,11,2,80,2,12,2,3,6,8,8
RM329,33,26-35,Male,Sales,Sales Executive,56184,No,7,2,3,Travel_Frequently,508,10,3,Marketing,1,446,46,2,2,4,Single,4682,Upto 5k,4317,3,Y,No,14,3,80,0,9,6,2,7,0,1
RM364,33,26-35,Female,Sales,Sales Representative,34212,Yes,1,4,3,Travel_Rarely,350,5,3,Marketing,1,485,34,3,1,3,Single,2851,Upto 5k,9150,1,Y,Yes,13,2,80,0,1,2,3,0,0,0
RM436,33,26-35,Male,Research & Development,Manager,163320,Yes,7,2,3,Travel_Rarely,1277,15,1,Medical,1,582,56,3,3,3,Married,13610,10k-15k,24619,7,Y,Yes,12,4,80,0,15,2,4,6,7,7
RM437,33,26-35,Male,Research & Development,Laboratory Technician,40896,Yes,4,1,3,Travel_Rarely,587,10,1,Medical,1,584,38,1,1,4,Divorced,3408,Upto 5k,6705,7,Y,No,13,1,80,3,8,2,3,3,1,3
RM456,33,26-35,Female,Research & Development,Research Director,194208,No,6,1,3,Travel_Rarely,922,1,5,Medical,1,612,95,4,4,3,Divorced,16184,15k+,22578,4,Y,No,19,3,80,1,10,2,3,1,0,5
RM500,33,26-35,Male,Sales,Sales Executive,85248,No,5,3,3,Travel_Rarely,1216,8,4,Marketing,1,677,39,3,2,3,Divorced,7104,5k-10k,20431,0,Y,No,12,4,80,0,6,3,3,0,1,2
RM510,33,26-35,Male,Research & Development,Healthcare Representative,92700,No,13,3,4,Travel_Frequently,1296,6,3,Life Sciences,1,692,30,3,2,4,Divorced,7725,5k-10k,5335,3,Y,No,23,3,80,1,15,2,1,11,4,7
RM515,33,26-35,Male,Research & Development,Research Scientist,40176,Yes,10,1,3,Travel_Frequently,1076,3,3,Life Sciences,1,702,70,3,1,1,Single,3348,Upto 5k,3164,1,Y,Yes,11,1,80,0,10,3,3,8,9,7
RM563,33,26-35,Male,Research & Development,Research Scientist,32232,Yes,10,4,3,Travel_Rarely,527,1,4,Other,1,780,63,3,1,4,Single,2686,Upto 5k,5207,1,Y,Yes,13,3,80,0,10,2,2,9,7,8
RM591,33,26-35,Male,Research & Development,Research Director,140292,No,13,3,3,Travel_Rarely,213,7,3,Medical,1,817,49,3,3,3,Married,11691,10k-15k,25995,0,Y,No,11,4,80,0,14,3,4,9,3,7
RM592,33,26-35,Female,Sales,Sales Executive,63888,Yes,3,1,3,Travel_Rarely,118,16,3,Marketing,1,819,69,3,2,1,Single,5324,5k-10k,26507,5,Y,No,15,3,80,0,6,3,3,2,0,2
RM620,33,26-35,Male,Sales,Sales Executive,48444,No,9,1,4,Travel_Rarely,586,1,3,Medical,1,855,48,4,2,1,Divorced,4037,Upto 5k,21816,1,Y,No,22,1,80,1,9,5,3,8,0,8
RM656,33,26-35,Male,Human Resources,Human Resources,27324,No,4,4,3,Travel_Rarely,1075,3,2,Human Resources,1,910,57,3,1,2,Divorced,2277,Upto 5k,22650,3,Y,Yes,11,3,80,1,7,4,4,3,0,3
RM674,33,26-35,Male,Research & Development,Research Scientist,33588,No,3,3,3,Travel_Rarely,1198,1,4,Other,1,939,100,2,1,1,Single,2799,Upto 5k,3339,3,Y,Yes,11,2,80,0,6,1,3,2,0,2
RM695,33,26-35,Female,Research & Development,Healthcare Representative,83388,No,5,2,3,Travel_Rarely,1069,1,3,Life Sciences,1,969,42,2,2,4,Single,6949,5k-10k,12291,0,Y,No,14,1,80,0,6,3,3,0,1,4
RM711,33,26-35,Male,Sales,Manager,209328,No,10,4,3,Non-Travel,722,17,3,Life Sciences,1,992,38,3,4,3,Single,17444,15k+,20489,1,Y,No,11,4,80,0,10,2,3,8,6,0
RM713,33,26-35,Female,Research & Development,Research Scientist,41424,No,3,2,3,Travel_Rarely,461,13,1,Life Sciences,1,995,53,3,1,4,Single,3452,Upto 5k,17241,3,Y,No,18,1,80,0,5,4,3,2,0,2
RM716,33,26-35,Female,Research & Development,Healthcare Representative,65856,No,6,3,3,Travel_Frequently,827,1,4,Other,1,998,84,4,2,2,Married,5488,5k-10k,20161,1,Y,Yes,13,1,80,1,6,2,3,5,1,2
RM755,33,26-35,Female,Sales,Sales Representative,28104,No,2,2,3,Non-Travel,1038,8,1,Life Sciences,1,1044,88,2,1,4,Single,2342,Upto 5k,21437,0,Y,No,19,4,80,0,3,2,2,2,2,2
RM791,33,26-35,Male,Research & Development,Healthcare Representative,85428,No,3,4,3,Travel_Rarely,654,5,3,Life Sciences,1,1099,34,2,3,4,Divorced,7119,5k-10k,21214,4,Y,No,15,3,80,1,9,2,3,2,1,2
RM793,33,26-35,Female,Research & Development,Research Scientist,54096,Yes,13,1,4,Travel_Frequently,827,29,4,Medical,1,1101,54,2,2,3,Single,4508,Upto 5k,3129,1,Y,No,22,2,80,0,14,4,3,7,3,8
RM799,33,26-35,Male,Research & Development,Research Scientist,27756,Yes,2,1,4,Travel_Rarely,1017,25,3,Medical,1,1108,55,2,1,2,Single,2313,Upto 5k,2993,4,Y,Yes,20,2,80,0,5,0,3,2,2,2
RM803,33,26-35,Female,Sales,Sales Executive,51624,No,3,4,3,Travel_Frequently,970,7,3,Life Sciences,1,1114,30,3,2,2,Married,4302,Upto 5k,13401,0,Y,No,17,3,80,1,4,3,3,2,0,2
RM830,33,26-35,Female,Sales,Sales Executive,98688,Yes,5,1,3,Travel_Rarely,603,9,4,Marketing,1,1157,77,3,2,1,Single,8224,5k-10k,18385,0,Y,Yes,17,1,80,0,6,3,3,2,0,3
RM864,33,26-35,Male,Human Resources,Human Resources,43200,No,5,2,3,Travel_Rarely,147,2,3,Human Resources,1,1207,99,3,1,3,Married,3600,Upto 5k,8429,1,Y,No,13,4,80,1,5,2,3,4,1,4
RM873,33,26-35,Female,Sales,Sales Executive,54468,No,10,2,3,Travel_Frequently,1146,25,3,Medical,1,1220,82,3,2,3,Married,4539,Upto 5k,4905,1,Y,No,12,1,80,1,10,3,2,7,0,1
RM884,33,26-35,Male,Research & Development,Research Scientist,33372,No,14,1,3,Travel_Rarely,117,9,3,Medical,1,1238,60,3,1,4,Married,2781,Upto 5k,6311,0,Y,No,13,2,80,1,15,5,3,10,4,10
RM909,33,26-35,Male,Sales,Sales Executive,100560,No,9,4,3,Travel_Rarely,536,10,5,Marketing,1,1268,82,4,3,3,Divorced,8380,5k-10k,21708,0,Y,Yes,14,4,80,2,10,3,3,8,0,8
RM991,33,26-35,Male,Sales,Sales Executive,119976,No,5,2,3,Travel_Frequently,1111,5,1,Life Sciences,1,1395,61,3,2,4,Married,9998,5k-10k,19293,6,Y,No,13,1,80,0,8,2,4,4,1,2
RM1048,33,26-35,Male,Sales,Sales Executive,52476,No,4,4,3,Travel_Frequently,430,7,3,Medical,1,1477,54,3,2,1,Married,4373,Upto 5k,17456,0,Y,No,14,1,80,2,5,2,3,3,0,3
RM1067,33,26-35,Female,Research & Development,Laboratory Technician,46056,No,5,1,3,Travel_Rarely,1099,4,4,Medical,1,1502,82,2,1,2,Married,3838,Upto 5k,8192,8,Y,No,11,4,80,0,8,5,3,4,0,2
RM1075,33,26-35,Male,Research & Development,Healthcare Representative,76656,No,0,4,3,Travel_Rarely,516,8,5,Life Sciences,1,1515,69,3,2,3,Single,6388,5k-10k,22049,2,Y,Yes,17,1,80,0,14,6,3,0,0,0
RM1092,33,26-35,Male,Research & Development,Manufacturing Director,51840,No,5,4,3,Travel_Rarely,575,25,3,Life Sciences,1,1545,44,2,2,2,Single,4320,Upto 5k,24152,1,Y,No,13,4,80,0,5,2,3,3,0,2
RM1096,33,26-35,Male,Research & Development,Laboratory Technician,62484,No,15,2,3,Travel_Rarely,589,28,4,Life Sciences,1,1549,79,3,2,3,Married,5207,5k-10k,22949,1,Y,Yes,12,2,80,1,15,3,3,14,5,7
RM1106,33,26-35,Male,Sales,Sales Executive,76704,No,2,1,3,Travel_Rarely,1242,8,4,Life Sciences,1,1560,46,3,2,1,Married,6392,5k-10k,10589,2,Y,No,13,4,80,1,8,6,1,2,2,2
RM1190,33,26-35,Male,Sales,Sales Executive,66060,No,6,4,3,Travel_Rarely,392,2,4,Medical,1,1670,93,3,2,4,Divorced,5505,5k-10k,3921,1,Y,No,14,3,80,2,6,5,3,2,0,4
RM1199,33,26-35,Female,Sales,Sales Executive,64416,No,6,3,4,Non-Travel,530,16,3,Life Sciences,1,1681,36,3,2,4,Divorced,5368,5k-10k,16130,1,Y,Yes,25,3,80,1,7,2,3,5,1,2
RM1211,33,26-35,Male,Research & Development,Laboratory Technician,24336,No,14,2,3,Travel_Rarely,267,21,3,Medical,1,1698,79,4,1,2,Married,2028,Upto 5k,13637,1,Y,No,18,4,80,3,14,6,3,11,2,13
RM1254,33,26-35,Female,Sales,Sales Executive,61764,No,11,4,3,Non-Travel,1283,2,3,Marketing,1,1756,62,3,2,2,Single,5147,5k-10k,10697,8,Y,No,15,4,80,0,13,2,2,7,1,7
RM1256,33,26-35,Female,Sales,Sales Executive,102768,Yes,0,1,4,Travel_Rarely,211,16,3,Life Sciences,1,1758,74,3,3,1,Single,8564,5k-10k,10092,2,Y,Yes,20,3,80,0,11,2,2,0,0,0
RM1266,33,26-35,Male,Research & Development,Research Scientist,36660,No,9,4,3,Non-Travel,775,4,3,Technical Degree,1,1771,90,3,2,2,Divorced,3055,Upto 5k,6194,5,Y,No,15,4,80,2,11,2,2,8,1,7
RM1283,33,26-35,Male,Research & Development,Research Scientist,37716,No,10,4,3,Travel_Rarely,867,8,4,Life Sciences,1,1798,90,4,1,1,Married,3143,Upto 5k,6076,6,Y,No,19,2,80,1,14,1,3,8,7,6
RM1364,33,26-35,Male,Sales,Sales Executive,65844,No,10,2,3,Travel_Rarely,217,10,4,Marketing,1,1924,43,3,2,3,Single,5487,5k-10k,10410,1,Y,No,14,2,80,0,10,2,2,4,0,9
RM1399,33,26-35,Male,Research & Development,Healthcare Representative,71616,No,9,4,4,Travel_Frequently,1303,7,2,Life Sciences,1,1970,36,3,2,3,Divorced,5968,5k-10k,18079,1,Y,No,20,3,80,3,9,2,3,7,2,8
RM1416,33,26-35,Male,Research & Development,Laboratory Technician,24096,No,1,2,3,Non-Travel,1313,1,2,Medical,1,1994,59,2,1,3,Divorced,2008,Upto 5k,20439,1,Y,No,12,3,80,3,1,2,2,1,0,0
RM1426,33,26-35,Female,Research & Development,Healthcare Representative,58536,No,9,2,3,Travel_Rarely,501,15,2,Medical,1,2009,95,3,2,4,Married,4878,Upto 5k,21653,0,Y,Yes,13,1,80,1,10,6,3,7,8,1
RM014,34,26-35,Male,Research & Development,Laboratory Technician,31932,No,2,2,3,TravelRarely,1346,19,2,Medical,1,18,93,3,1,4,Divorced,2661,Upto 5k,8758,0,Y,No,11,3,80,1,3,2,3,2,1,2
RM023,34,26-35,Female,Research & Development,Research Director,143928,No,12,1,3,TravelRarely,419,7,4,Life Sciences,1,28,53,3,3,2,Single,11994,10k-15k,21293,0,Y,No,11,3,80,0,13,4,3,6,2,
RM025,34,26-35,Male,Research & Development,Research Scientist,35520,Yes,4,2,3,Travel_Rarely,699,6,1,Medical,1,31,83,3,1,1,Single,2960,Upto 5k,17102,2,Y,No,11,3,80,0,8,2,3,2,1,
RM047,34,26-35,Male,Sales,Sales Executive,54816,No,9,2,4,Non-Travel,1065,23,4,Marketing,1,60,72,3,2,3,Single,4568,Upto 5k,10034,0,Y,No,20,3,80,0,10,2,3,5,8,7
RM085,34,26-35,Male,Research & Development,Manufacturing Director,51900,No,5,1,3,Travel_Rarely,1153,1,2,Medical,1,110,94,3,2,2,Married,4325,Upto 5k,17736,1,Y,No,15,3,80,0,5,2,3,2,1,3
RM104,34,26-35,Female,Research & Development,Research Scientist,57708,No,16,1,3,Travel_Rarely,665,6,4,Other,1,138,41,3,2,3,Single,4809,Upto 5k,12482,1,Y,No,14,3,80,0,16,3,3,13,2,10
RM112,34,26-35,Male,Research & Development,Laboratory Technician,72888,Yes,9,1,4,Travel_Frequently,658,7,3,Life Sciences,1,147,66,1,2,3,Single,6074,5k-10k,22887,1,Y,Yes,24,4,80,0,9,3,3,7,0,6
RM115,34,26-35,Female,Research & Development,Research Scientist,54060,No,1,3,3,Travel_Rarely,1031,6,4,Life Sciences,1,151,45,2,2,2,Divorced,4505,Upto 5k,15000,6,Y,No,15,3,80,1,12,3,3,0,0,0
RM117,34,26-35,Female,Research & Development,Manager,139572,No,11,3,3,Travel_Rarely,1354,5,3,Medical,1,153,45,2,3,1,Single,11631,10k-15k,5615,2,Y,No,12,4,80,0,14,6,3,10,5,8
RM160,34,26-35,Female,Sales,Sales Representative,26772,No,4,3,3,Travel_Frequently,303,2,4,Marketing,1,216,75,3,1,3,Married,2231,Upto 5k,11314,6,Y,No,18,4,80,1,6,3,3,3,1,2
RM182,34,26-35,Female,Research & Development,Research Scientist,27732,No,3,4,3,Travel_Rarely,629,27,2,Medical,1,247,95,3,1,2,Single,2311,Upto 5k,5711,2,Y,No,15,4,80,0,9,3,3,2,1,2
RM189,34,26-35,Male,Research & Development,Manufacturing Director,114564,No,10,4,3,Travel_Frequently,1069,2,1,Life Sciences,1,256,45,2,2,3,Married,9547,5k-10k,14074,1,Y,No,17,3,80,0,10,2,2,9,1,9
RM203,34,26-35,Male,Research & Development,Research Scientist,45780,No,5,4,3,Travel_Frequently,878,10,4,Medical,1,277,43,3,1,3,Divorced,3815,Upto 5k,5972,1,Y,Yes,17,4,80,1,5,4,4,3,2,0
RM248,34,26-35,Male,Research & Development,Manufacturing Director,71484,No,11,4,3,Travel_Rarely,470,2,4,Life Sciences,1,339,84,2,2,1,Married,5957,5k-10k,23687,6,Y,No,13,2,80,1,13,3,3,9,5,9
RM379,34,26-35,Male,Sales,Sales Executive,63648,Yes,5,1,3,Non-Travel,1362,19,3,Marketing,1,502,67,4,2,4,Single,5304,5k-10k,4652,8,Y,Yes,13,2,80,0,9,3,2,2,0,4
RM394,34,26-35,Female,Sales,Sales Executive,78456,No,3,3,3,Non-Travel,1381,4,4,Marketing,1,523,72,3,2,3,Married,6538,5k-10k,12740,9,Y,No,15,1,80,1,6,3,3,2,1,2
RM416,34,26-35,Female,Sales,Sales Representative,28212,Yes,2,4,3,Travel_Frequently,296,6,2,Marketing,1,555,33,1,1,3,Divorced,2351,Upto 5k,12253,0,Y,No,16,4,80,1,3,3,2,2,1,0
RM433,34,26-35,Male,Research & Development,Research Scientist,33216,No,7,4,3,Travel_Rarely,1303,2,4,Life Sciences,1,579,62,2,1,3,Divorced,2768,Upto 5k,8416,3,Y,No,12,3,80,1,14,3,3,3,5,7
RM441,34,26-35,Female,Human Resources,Human Resources,119400,Yes,3,2,3,Travel_Frequently,988,23,3,Human Resources,1,590,43,3,3,1,Divorced,9950,5k-10k,11533,9,Y,Yes,15,3,80,3,11,2,3,2,0,2
RM463,34,26-35,Male,Sales,Sales Executive,64044,No,10,4,3,Travel_Rarely,258,21,4,Life Sciences,1,621,74,4,2,4,Single,5337,5k-10k,19921,1,Y,No,12,4,80,0,10,3,3,7,5,7
RM482,34,26-35,Male,Research & Development,Research Scientist,43464,No,6,2,3,Travel_Rarely,254,1,2,Life Sciences,1,649,83,2,1,4,Married,3622,Upto 5k,22794,1,Y,Yes,13,4,80,1,6,3,3,5,1,3
RM495,34,26-35,Female,Sales,Sales Representative,30948,No,8,3,3,Travel_Rarely,204,14,3,Technical Degree,1,666,31,3,1,3,Divorced,2579,Upto 5k,2912,1,Y,Yes,18,4,80,2,8,3,3,2,0,6
RM504,34,26-35,Male,Research & Development,Research Scientist,32292,No,10,2,3,Travel_Rarely,1397,1,5,Life Sciences,1,683,42,3,1,4,Married,2691,Upto 5k,7660,1,Y,No,12,4,80,1,10,4,2,9,8,8
RM525,34,26-35,Female,Research & Development,Healthcare Representative,103452,No,8,4,3,Travel_Rarely,1442,9,3,Medical,1,717,46,2,3,2,Single,8621,5k-10k,17654,1,Y,No,14,2,80,0,9,3,4,7,7,7
RM550,34,26-35,Female,Research & Development,Healthcare Representative,73704,No,5,2,3,Travel_Rarely,970,8,2,Medical,1,757,96,3,2,3,Single,6142,5k-10k,7360,3,Y,No,11,4,80,0,10,2,3,1,4,3
RM561,34,26-35,Female,Research & Development,Manufacturing Director,61452,No,0,2,3,Travel_Rarely,167,8,5,Life Sciences,1,775,32,3,2,1,Divorced,5121,5k-10k,4187,3,Y,No,14,3,80,1,7,3,3,0,0,0
RM568,34,26-35,Male,Sales,Sales Executive,75288,No,6,4,4,Travel_Rarely,304,2,3,Other,1,786,60,3,2,4,Single,6274,5k-10k,18686,1,Y,No,22,3,80,0,6,5,3,5,1,4
RM575,34,26-35,Female,Research & Development,Research Scientist,39360,No,4,2,3,Travel_Rarely,182,1,4,Life Sciences,1,797,72,4,1,4,Single,3280,Upto 5k,13551,2,Y,No,16,3,80,0,10,2,3,2,1,3
RM580,34,26-35,Female,Research & Development,Research Scientist,52572,No,6,3,3,Travel_Rarely,121,2,4,Medical,1,804,86,2,1,1,Single,4381,Upto 5k,7530,1,Y,No,11,3,80,0,6,3,3,5,1,3
RM584,34,26-35,Female,Sales,Sales Executive,78000,No,3,3,3,Travel_Rarely,1111,8,2,Life Sciences,1,808,93,3,2,1,Married,6500,5k-10k,13305,5,Y,No,17,2,80,1,6,1,3,2,1,2
RM607,34,26-35,Female,Research & Development,Research Scientist,30636,No,5,3,3,Travel_Frequently,702,16,4,Life Sciences,1,838,100,2,1,4,Single,2553,Upto 5k,8306,1,Y,No,16,3,80,0,6,3,3,2,1,3
RM614,34,26-35,Male,Human Resources,Human Resources,44844,No,3,3,3,Travel_Rarely,829,3,2,Human Resources,1,847,88,3,1,4,Married,3737,Upto 5k,2243,0,Y,No,19,3,80,1,4,1,1,2,0,2
RM672,34,26-35,Male,Research & Development,Laboratory Technician,24096,No,1,2,3,Travel_Rarely,546,10,3,Life Sciences,1,934,83,3,1,2,Divorced,2008,Upto 5k,6896,1,Y,No,14,2,80,2,1,3,3,0,1,0
RM758,34,26-35,Male,Sales,Sales Executive,116700,No,15,2,3,Travel_Rarely,216,1,4,Marketing,1,1047,75,4,2,4,Divorced,9725,5k-10k,12278,0,Y,No,11,4,80,1,16,2,2,1,0,9
RM764,34,26-35,Female,Sales,Sales Representative,26640,No,1,3,3,Travel_Rarely,1333,10,4,Life Sciences,1,1055,87,3,1,3,Married,2220,Upto 5k,18410,1,Y,Yes,19,4,80,1,1,2,3,1,0,0
RM795,34,26-35,Male,Research & Development,Healthcare Representative,93072,No,6,1,3,Travel_Frequently,618,3,1,Life Sciences,1,1103,45,3,2,4,Single,7756,5k-10k,22266,0,Y,No,17,3,80,0,7,1,2,2,0,4
RM804,34,26-35,Male,Research & Development,Research Scientist,35748,No,0,3,3,Non-Travel,697,3,4,Life Sciences,1,1115,40,2,1,4,Married,2979,Upto 5k,22478,3,Y,No,17,4,80,3,6,2,3,0,0,0
RM823,34,26-35,Male,Research & Development,Manufacturing Director,48396,No,3,4,3,Travel_Frequently,1003,2,2,Life Sciences,1,1140,95,3,2,3,Single,4033,Upto 5k,15834,2,Y,No,11,4,80,0,5,3,2,2,0,2
RM835,34,26-35,Female,Sales,Sales Executive,68568,No,6,2,4,Travel_Rarely,1400,9,1,Life Sciences,1,1163,70,3,2,3,Married,5714,5k-10k,5829,1,Y,No,20,1,80,0,6,3,2,5,1,3
RM848,34,26-35,Male,Research & Development,Healthcare Representative,64116,No,13,4,4,Travel_Frequently,669,1,3,Medical,1,1184,97,2,2,1,Single,5343,5k-10k,25755,0,Y,No,20,3,80,0,14,3,3,9,4,9
RM907,34,26-35,Female,Research & Development,Research Scientist,31020,No,1,3,3,Travel_Rarely,1320,20,3,Technical Degree,1,1265,89,4,1,3,Married,2585,Upto 5k,21643,0,Y,No,17,4,80,0,2,5,2,0,0,0
RM918,34,26-35,Female,Sales,Sales Executive,54456,No,3,3,3,Travel_Rarely,131,2,3,Marketing,1,1281,86,3,2,1,Single,4538,Upto 5k,6039,0,Y,Yes,12,4,80,0,4,3,3,2,0,2
RM921,34,26-35,Female,Research & Development,Laboratory Technician,53328,No,11,3,3,Travel_Frequently,135,19,3,Medical,1,1285,46,3,2,2,Divorced,4444,Upto 5k,22534,4,Y,No,13,3,80,2,15,2,4,8,5,10
RM924,34,26-35,Male,Human Resources,Human Resources,53880,No,10,3,3,Travel_Frequently,648,11,3,Life Sciences,1,1289,56,2,2,2,Married,4490,Upto 5k,21833,4,Y,No,11,4,80,2,14,5,4,9,1,8
RM959,34,26-35,Male,Research & Development,Healthcare Representative,102000,No,9,4,3,Travel_Rarely,943,9,3,Life Sciences,1,1344,86,3,3,4,Divorced,8500,5k-10k,5494,0,Y,No,11,4,80,1,10,0,2,7,1,6
RM965,34,26-35,Female,Sales,Sales Executive,73500,No,10,3,3,Travel_Rarely,507,15,2,Medical,1,1356,66,3,2,1,Single,6125,5k-10k,23553,1,Y,No,12,4,80,0,10,6,4,8,9,6
RM978,34,26-35,Female,Research & Development,Research Scientist,24348,No,5,1,4,Non-Travel,999,26,1,Technical Degree,1,1374,92,2,1,3,Divorced,2029,Upto 5k,15891,1,Y,No,20,3,80,3,5,2,3,4,0,0
RM980,34,26-35,Male,Research & Development,Laboratory Technician,65148,No,8,2,3,Travel_Rarely,285,29,3,Medical,1,1377,86,3,2,3,Married,5429,5k-10k,17491,4,Y,No,13,1,80,2,10,1,3,7,7,7
RM984,34,26-35,Female,Research & Development,Healthcare Representative,80244,No,14,3,3,Travel_Rarely,404,2,4,Technical Degree,1,1383,98,3,2,4,Single,6687,5k-10k,6163,1,Y,No,11,4,80,0,14,2,4,11,4,11
RM1016,34,26-35,Male,Research & Development,Research Scientist,35952,No,4,4,3,Travel_Frequently,560,1,4,Other,1,1431,91,3,1,1,Divorced,2996,Upto 5k,20284,5,Y,No,14,3,80,2,10,2,3,3,1,3
RM1028,34,26-35,Female,Research & Development,Laboratory Technician,39528,No,5,4,3,Travel_Rarely,401,1,3,Life Sciences,1,1447,86,2,1,2,Married,3294,Upto 5k,3708,5,Y,No,17,1,80,1,7,2,2,4,0,2
RM1040,34,26-35,Female,Human Resources,Human Resources,32904,Yes,2,1,3,Travel_Rarely,1107,9,4,Technical Degree,1,1467,52,3,1,3,Married,2742,Upto 5k,3072,1,Y,No,15,4,80,0,2,0,3,2,2,2
RM1049,34,26-35,Male,Sales,Sales Executive,57108,No,13,4,3,Travel_Rarely,1326,3,3,Other,1,1478,81,1,2,1,Single,4759,Upto 5k,15891,3,Y,No,18,4,80,0,15,2,3,9,3,12
RM1056,34,26-35,Male,Research & Development,Research Director,204084,No,14,2,3,Travel_Frequently,829,15,3,Medical,1,1485,71,3,4,1,Divorced,17007,15k+,11929,7,Y,No,14,4,80,2,16,3,2,8,6,9
RM1059,34,26-35,Female,Sales,Sales Executive,55188,Yes,15,1,4,Travel_Rarely,790,24,4,Medical,1,1489,40,2,2,2,Single,4599,Upto 5k,7815,0,Y,Yes,23,3,80,0,16,2,4,9,10,10
RM1085,34,26-35,Male,Sales,Sales Executive,84996,No,10,4,3,Travel_Rarely,971,1,3,Technical Degree,1,1535,64,2,3,3,Married,7083,5k-10k,12288,1,Y,Yes,14,4,80,0,10,3,3,9,8,6
RM1088,34,26-35,Male,Sales,Sales Representative,27696,No,11,2,4,Travel_Rarely,1440,7,2,Technical Degree,1,1541,55,3,1,3,Married,2308,Upto 5k,4944,0,Y,Yes,25,2,80,1,12,4,3,10,5,7
RM1116,34,26-35,Male,Research & Development,Research Scientist,35664,No,1,1,3,Travel_Rarely,479,7,4,Medical,1,1577,35,3,1,4,Single,2972,Upto 5k,22061,1,Y,No,13,3,80,0,1,4,1,0,0,0
RM1118,34,26-35,Male,Research & Development,Research Scientist,65808,No,2,2,3,Travel_Rarely,1351,1,4,Life Sciences,1,1580,45,3,2,4,Married,5484,5k-10k,13008,9,Y,No,17,2,80,1,9,3,2,2,2,1
RM1132,34,26-35,Male,Research & Development,Healthcare Representative,60756,No,8,4,3,Travel_Frequently,653,10,4,Technical Degree,1,1597,92,2,2,3,Married,5063,5k-10k,15332,1,Y,No,14,2,80,1,8,3,2,2,7,7
RM1147,34,26-35,Male,Research & Development,Manufacturing Director,56688,No,9,3,3,Travel_Frequently,426,10,4,Life Sciences,1,1615,42,4,2,4,Divorced,4724,Upto 5k,17000,1,Y,No,13,1,80,1,9,3,3,7,7,2
RM1180,34,26-35,Female,Research & Development,Research Scientist,65196,No,11,4,3,Travel_Rarely,1130,3,3,Life Sciences,1,1658,66,3,2,2,Divorced,5433,5k-10k,19332,1,Y,No,12,3,80,1,11,2,3,8,7,9
RM1209,34,26-35,Male,Research & Development,Laboratory Technician,47832,No,15,2,3,Travel_Rarely,1157,5,2,Medical,1,1696,57,2,2,4,Married,3986,Upto 5k,11912,1,Y,No,14,3,80,1,15,3,4,10,4,13
RM1213,34,26-35,Female,Research & Development,Research Scientist,35148,No,10,2,3,Travel_Rarely,678,19,3,Life Sciences,1,1701,35,2,1,4,Married,2929,Upto 5k,20338,1,Y,No,12,2,80,0,10,3,3,9,8,7
RM1253,34,26-35,Male,Research & Development,Research Scientist,35184,No,5,4,3,Travel_Rarely,181,2,4,Medical,1,1755,97,4,1,4,Married,2932,Upto 5k,5586,0,Y,Yes,14,1,80,3,6,3,3,0,1,2
RM1268,34,26-35,Male,Sales,Sales Executive,48012,No,15,4,3,Non-Travel,1375,10,3,Life Sciences,1,1774,87,3,2,3,Divorced,4001,Upto 5k,12313,1,Y,Yes,14,3,80,1,15,3,3,14,0,7
RM1271,34,26-35,Female,Sales,Sales Executive,72348,No,2,4,3,Travel_Rarely,511,3,2,Life Sciences,1,1779,32,1,2,4,Single,6029,5k-10k,25353,5,Y,No,12,1,80,0,6,3,3,2,2,2
RM1291,34,26-35,Male,Research & Development,Laboratory Technician,64152,Yes,7,4,3,Travel_Frequently,234,9,4,Life Sciences,1,1807,93,3,2,1,Married,5346,5k-10k,6208,4,Y,No,17,3,80,1,11,3,2,1,0,7
RM1301,34,26-35,Male,Sales,Sales Executive,81588,No,10,2,4,Travel_Rarely,810,8,2,Technical Degree,1,1823,92,4,2,3,Married,6799,5k-10k,22128,1,Y,No,21,3,80,2,10,5,3,8,4,8
RM1343,34,26-35,Male,Sales,Sales Executive,116556,No,5,3,3,Travel_Rarely,1480,4,3,Life Sciences,1,1882,64,3,3,4,Married,9713,5k-10k,24444,2,Y,Yes,13,4,80,3,9,3,3,3,1,0
RM1354,34,26-35,Male,Research & Development,Research Scientist,27684,Yes,5,4,4,Non-Travel,967,16,4,Technical Degree,1,1905,85,1,1,1,Married,2307,Upto 5k,14460,1,Y,Yes,23,2,80,1,5,2,3,2,3,0
RM1360,34,26-35,Female,Sales,Sales Executive,97236,No,4,4,3,Travel_Rarely,735,3,1,Medical,1,1915,75,2,2,4,Married,8103,5k-10k,16495,3,Y,Yes,12,3,80,0,9,3,2,2,0,1
RM1369,34,26-35,Male,Research & Development,Research Scientist,68964,No,15,3,3,Travel_Frequently,735,22,4,Other,1,1932,86,2,2,4,Married,5747,5k-10k,26496,1,Y,Yes,15,2,80,0,16,3,3,10,6,11
RM1385,34,26-35,Male,Sales,Sales Executive,118656,No,14,1,4,Travel_Rarely,937,1,3,Marketing,1,1950,32,3,3,4,Single,9888,5k-10k,6770,1,Y,No,21,1,80,0,14,3,2,8,2,1
RM1386,34,26-35,Male,Sales,Sales Executive,103536,No,8,4,3,Travel_Rarely,1239,13,4,Medical,1,1951,39,3,3,3,Divorced,8628,5k-10k,22914,1,Y,No,18,3,80,1,9,2,2,7,1,1
RM1447,34,26-35,Female,Sales,Sales Executive,80544,No,8,4,4,Travel_Rarely,704,28,3,Marketing,1,2035,95,2,2,3,Married,6712,5k-10k,8978,1,Y,No,21,4,80,2,8,2,3,7,1,7
RM1470,34,26-35,Male,Research & Development,Laboratory Technician,52848,No,4,2,3,TravelRarely,628,8,3,Medical,1,2068,82,4,2,3,Married,4404,Upto 5k,10228,2,Y,No,12,1,80,0,6,3,4,3,1,2
RM1470,34,26-35,Male,Research & Development,Laboratory Technician,52848,No,4,2,3,TravelRarely,628,8,3,Medical,1,2068,82,4,2,3,Married,4404,Upto 5k,10228,2,Y,No,12,1,80,0,6,3,4,3,1,2
RM011,35,26-35,Male,Research & Development,Laboratory Technician,29112,No,5,1,3,Travel_Rarely,809,16,3,Medical,1,14,84,4,1,2,Married,2426,Upto 5k,16479,0,Y,No,13,3,80,1,6,5,3,4,0,3
RM038,35,26-35,Female,Sales,Sales Representative,24168,No,2,4,3,Travel_Rarely,890,2,3,Marketing,1,49,97,3,1,4,Married,2014,Upto 5k,9687,1,Y,No,13,1,80,0,2,3,3,2,2,2
RM041,35,26-35,Male,Research & Development,Laboratory Technician,23412,No,1,3,3,Travel_Rarely,464,4,2,Other,1,53,75,3,1,4,Divorced,1951,Upto 5k,10910,1,Y,No,12,3,80,1,1,3,3,0,0,0
RM050,35,26-35,Male,Research & Development,Laboratory Technician,27228,No,1,4,3,Travel_Rarely,1229,8,1,Life Sciences,1,63,36,4,1,4,Married,2269,Upto 5k,4892,1,Y,No,19,4,80,0,1,2,3,0,0,1
RM054,35,26-35,Male,Research & Development,Healthcare Representative,118608,No,4,3,3,Non-Travel,1097,11,2,Medical,1,70,79,2,3,1,Married,9884,5k-10k,8302,2,Y,Yes,13,3,80,1,10,3,3,0,2,3
RM057,35,26-35,Male,Sales,Sales Executive,108828,No,9,2,4,Travel_Frequently,853,18,5,Life Sciences,1,74,71,3,3,1,Married,9069,5k-10k,11031,1,Y,No,22,4,80,1,9,3,2,8,1,8
RM058,35,26-35,Female,Research & Development,Laboratory Technician,48168,No,2,3,3,Travel_Rarely,1142,23,4,Medical,1,75,30,3,1,1,Married,4014,Upto 5k,16002,3,Y,Yes,15,3,80,1,4,3,3,2,2,2
RM069,35,26-35,Male,Research & Development,Research Scientist,26328,No,3,2,3,Travel_Frequently,664,1,3,Medical,1,88,79,3,1,1,Married,2194,Upto 5k,5868,4,Y,No,13,4,80,1,5,2,2,2,1,2
RM077,35,26-35,Male,Sales,Sales Executive,51744,No,15,3,3,Travel_Rarely,776,1,4,Marketing,1,100,32,2,2,1,Single,4312,Upto 5k,23016,0,Y,No,14,2,80,0,16,2,3,13,2,
RM082,35,26-35,Male,Research & Development,Research Scientist,34308,No,6,2,3,Travel_Rarely,1214,1,3,Medical,1,105,30,2,1,3,Single,2859,Upto 5k,26278,1,Y,No,18,1,80,0,6,3,3,4,0,4
RM152,35,26-35,Male,Sales,Sales Executive,87540,No,10,3,3,Travel_Rarely,662,1,5,Marketing,1,204,94,3,3,2,Married,7295,5k-10k,11439,1,Y,No,13,1,80,2,10,3,3,8,0,6
RM193,35,26-35,Male,Research & Development,Manufacturing Director,70992,Yes,1,2,3,Travel_Rarely,556,23,2,Life Sciences,1,261,50,2,2,3,Married,5916,5k-10k,15497,3,Y,Yes,13,1,80,0,8,1,3,0,0,1
RM197,35,26-35,Female,Research & Development,Laboratory Technician,53100,No,6,2,3,Travel_Frequently,138,2,3,Medical,1,269,37,3,2,2,Single,4425,Upto 5k,15986,5,Y,No,11,4,80,0,10,5,3,2,1,2
RM229,35,26-35,Female,Sales,Sales Executive,105468,No,10,3,3,Travel_Frequently,944,1,3,Marketing,1,314,92,3,3,3,Single,8789,5k-10k,9096,1,Y,No,14,1,80,0,10,3,4,7,0,8
RM277,35,26-35,Female,Research & Development,Manager,143952,No,7,2,3,Travel_Rarely,1315,22,3,Life Sciences,1,381,71,4,3,2,Divorced,11996,10k-15k,19100,7,Y,No,18,2,80,1,10,6,2,7,6,2
RM298,35,26-35,Male,Sales,Sales Executive,96240,No,11,3,3,Travel_Rarely,1232,16,3,Marketing,1,406,96,3,3,2,Married,8020,5k-10k,5100,0,Y,No,15,3,80,2,12,3,2,9,6,9
RM345,35,26-35,Male,Research & Development,Manufacturing Director,97140,No,16,3,3,Travel_Rarely,1296,5,4,Technical Degree,1,464,62,3,3,2,Single,8095,5k-10k,18264,0,Y,No,13,4,80,0,17,5,3,6,0,13
RM373,35,26-35,Male,Research & Development,Healthcare Representative,78480,No,1,3,3,Travel_Rarely,755,9,4,Life Sciences,1,496,97,2,2,2,Single,6540,5k-10k,19394,9,Y,No,19,3,80,0,10,5,3,1,0,0
RM431,35,26-35,Male,Research & Development,Laboratory Technician,50760,No,5,4,3,Travel_Rarely,144,22,3,Life Sciences,1,577,46,1,1,3,Single,4230,Upto 5k,19225,0,Y,No,15,3,80,0,6,2,3,4,4,3
RM439,35,26-35,Male,Research & Development,Healthcare Representative,91584,No,8,4,3,Travel_Rarely,1276,16,3,Life Sciences,1,586,72,3,3,3,Married,7632,5k-10k,14295,4,Y,Yes,12,3,80,0,10,2,3,7,0,0
RM448,35,26-35,Male,Sales,Sales Executive,56604,No,11,2,3,Travel_Rarely,619,1,3,Marketing,1,600,85,3,2,3,Married,4717,Upto 5k,18659,9,Y,No,11,3,80,0,15,2,3,9,6,9
RM462,35,26-35,Female,Sales,Sales Executive,58308,No,5,1,3,Travel_Rarely,195,1,3,Medical,1,620,80,3,2,3,Single,4859,Upto 5k,6698,1,Y,No,16,4,80,0,5,3,3,4,0,3
RM484,35,26-35,Male,Research & Development,Laboratory Technician,44172,No,3,1,3,Travel_Rarely,538,25,2,Other,1,652,54,2,2,4,Single,3681,Upto 5k,14004,4,Y,No,14,4,80,0,9,3,3,2,0,2
RM509,35,26-35,Male,Research & Development,Research Scientist,79752,No,17,2,3,Travel_Rarely,1017,6,4,Life Sciences,1,691,82,1,2,4,Single,6646,5k-10k,19368,1,Y,No,13,2,80,0,17,3,3,11,11,8
RM516,35,26-35,Male,Research & Development,Laboratory Technician,15372,No,1,3,3,Non-Travel,727,3,3,Life Sciences,1,704,41,2,1,3,Married,1281,Upto 5k,16900,1,Y,No,18,3,80,2,1,3,3,0,0,0
RM558,35,26-35,Female,Research & Development,Healthcare Representative,61116,No,1,4,3,Non-Travel,1225,2,4,Life Sciences,1,771,61,3,2,1,Divorced,5093,5k-10k,4761,2,Y,No,11,1,80,1,16,2,4,0,0,0
RM581,35,26-35,Female,Sales,Sales Representative,30864,No,3,1,3,Travel_Rarely,384,8,4,Life Sciences,1,805,72,3,1,4,Married,2572,Upto 5k,20317,1,Y,No,16,2,80,1,3,1,2,2,0,2
RM597,35,26-35,Female,Research & Development,Research Scientist,30072,No,2,4,3,Travel_Rarely,1258,1,4,Life Sciences,1,826,40,4,1,3,Single,2506,Upto 5k,13301,3,Y,No,13,3,80,0,7,0,3,2,2,2
RM612,35,26-35,Male,Research & Development,Manufacturing Director,122652,No,8,3,4,Travel_Rarely,950,7,3,Other,1,845,59,3,3,3,Single,10221,10k-15k,18869,3,Y,No,21,2,80,0,17,3,4,5,1,6
RM621,35,26-35,Female,Research & Development,Research Scientist,30708,No,6,3,3,Travel_Rarely,1343,27,1,Medical,1,856,53,2,1,1,Single,2559,Upto 5k,17852,1,Y,No,11,4,80,0,6,3,2,5,1,1
RM636,35,26-35,Female,Research & Development,Manufacturing Director,128220,No,17,4,4,Travel_Rarely,607,9,3,Life Sciences,1,880,66,2,3,3,Married,10685,10k-15k,23457,1,Y,Yes,20,2,80,1,17,2,3,14,5,15
RM637,35,26-35,Female,Research & Development,Research Scientist,24264,Yes,10,4,3,Travel_Frequently,130,25,4,Life Sciences,1,881,96,3,1,2,Divorced,2022,Upto 5k,16612,1,Y,Yes,19,1,80,1,10,3,2,2,7,8
RM648,35,26-35,Male,Research & Development,Manufacturing Director,130836,No,13,4,3,Travel_Rarely,672,25,3,Technical Degree,1,899,78,2,3,2,Married,10903,10k-15k,9129,3,Y,No,16,1,80,0,16,2,3,10,4,8
RM677,35,26-35,Female,Research & Development,Healthcare Representative,48168,No,10,4,4,Travel_Rarely,1137,21,1,Life Sciences,1,942,51,3,2,4,Married,4014,Upto 5k,19170,1,Y,Yes,25,4,80,1,10,2,1,6,0,7
RM699,35,26-35,Female,Sales,Sales Executive,55212,No,5,3,3,Travel_Rarely,1219,18,3,Medical,1,975,86,3,2,3,Married,4601,Upto 5k,6179,1,Y,No,16,2,80,0,5,3,3,2,1,0
RM705,35,26-35,Male,Sales,Sales Executive,93876,No,10,4,3,Travel_Rarely,882,3,4,Life Sciences,1,984,92,3,3,4,Divorced,7823,5k-10k,6812,6,Y,No,13,2,80,1,12,2,3,9,0,8
RM726,35,26-35,Male,Research & Development,Laboratory Technician,44916,Yes,4,3,4,Travel_Rarely,622,14,4,Other,1,1010,39,2,1,2,Divorced,3743,Upto 5k,10074,1,Y,Yes,24,4,80,1,5,2,1,2,0,2
RM730,35,26-35,Female,Research & Development,Healthcare Representative,124656,No,16,3,3,Travel_Rarely,583,25,4,Medical,1,1014,57,3,3,3,Divorced,10388,10k-15k,6975,1,Y,Yes,11,3,80,1,16,3,2,10,10,1
RM741,35,26-35,Male,Research & Development,Laboratory Technician,47004,No,3,2,4,Travel_Rarely,802,10,3,Other,1,1028,45,3,1,4,Divorced,3917,Upto 5k,9541,1,Y,No,20,1,80,1,3,4,2,2,1,2
RM792,35,26-35,Male,Sales,Sales Executive,114984,Yes,8,4,4,Travel_Rarely,1204,4,3,Technical Degree,1,1100,86,3,3,1,Single,9582,5k-10k,10333,0,Y,Yes,22,1,80,0,9,2,3,7,4,7
RM821,35,26-35,Male,Sales,Sales Executive,59616,No,5,4,3,Travel_Frequently,1182,11,2,Marketing,1,1137,54,3,2,4,Divorced,4968,Upto 5k,18500,1,Y,No,11,4,80,1,5,3,3,2,0,2
RM836,35,26-35,Male,Human Resources,Human Resources,51876,No,5,3,3,Travel_Rarely,528,8,4,Technical Degree,1,1164,100,3,1,3,Single,4323,Upto 5k,7108,1,Y,No,17,2,80,0,6,2,1,4,1,4
RM841,35,26-35,Male,Research & Development,Laboratory Technician,27096,No,8,4,3,Travel_Rarely,982,1,4,Medical,1,1172,58,2,1,3,Married,2258,Upto 5k,16340,6,Y,No,12,2,80,1,10,2,3,0,1,7
RM847,35,26-35,Male,Research & Development,Manufacturing Director,123288,No,7,3,3,Travel_Rarely,819,2,3,Life Sciences,1,1182,44,2,3,2,Divorced,10274,10k-15k,19588,2,Y,No,18,2,80,1,15,2,4,7,6,4
RM849,35,26-35,Male,Research & Development,Laboratory Technician,28512,No,2,4,3,Travel_Frequently,636,4,4,Other,1,1185,47,2,1,4,Married,2376,Upto 5k,26537,1,Y,No,13,2,80,1,2,2,4,2,2,2
RM871,35,26-35,Male,Sales,Sales Executive,107592,No,7,3,3,Travel_Rarely,1361,17,4,Life Sciences,1,1218,94,3,2,1,Married,8966,5k-10k,21026,3,Y,Yes,15,4,80,3,15,2,3,7,1,7
RM889,35,26-35,Female,Sales,Sales Executive,124524,No,13,3,3,Non-Travel,1212,8,2,Marketing,1,1243,78,2,3,4,Married,10377,10k-15k,13755,4,Y,Yes,11,2,80,1,16,6,2,2,4,12
RM925,35,26-35,Male,Research & Development,Research Scientist,42072,No,3,3,3,Travel_Rarely,735,6,1,Life Sciences,1,1291,66,3,1,3,Married,3506,Upto 5k,6020,0,Y,Yes,14,4,80,0,4,3,3,2,2,2
RM962,35,26-35,Male,Research & Development,Research Scientist,50988,No,9,3,3,Travel_Frequently,482,4,4,Life Sciences,1,1350,87,3,2,3,Single,4249,Upto 5k,2690,1,Y,Yes,11,2,80,0,9,3,3,6,1,1
RM974,35,26-35,Female,Research & Development,Laboratory Technician,64356,No,9,4,3,Travel_Rarely,817,1,3,Medical,1,1369,60,2,2,4,Married,5363,5k-10k,10846,0,Y,No,12,2,80,1,10,0,3,7,0,0
RM982,35,26-35,Female,Sales,Sales Executive,55368,Yes,4,4,3,Travel_Frequently,662,18,4,Marketing,1,1380,67,3,2,3,Married,4614,Upto 5k,23288,0,Y,Yes,18,3,80,1,5,0,2,2,3,2
RM1003,35,26-35,Male,Research & Development,Manufacturing Director,112344,No,2,3,3,Travel_Frequently,200,18,2,Life Sciences,1,1412,60,3,3,4,Single,9362,5k-10k,19944,2,Y,No,11,3,80,0,10,2,3,2,2,2
RM1060,35,26-35,Male,Sales,Sales Representative,28848,No,1,4,3,Travel_Rarely,660,7,1,Life Sciences,1,1492,76,3,1,3,Married,2404,Upto 5k,16192,1,Y,No,13,1,80,1,1,3,3,0,0,0
RM1082,35,26-35,Female,Research & Development,Healthcare Representative,103272,No,11,4,3,Travel_Rarely,1029,16,3,Life Sciences,1,1529,91,2,3,2,Single,8606,5k-10k,21195,1,Y,No,19,4,80,0,11,3,1,8,3,3
RM1101,35,26-35,Female,Sales,Sales Representative,29160,No,5,2,4,Travel_Rarely,1402,28,4,Life Sciences,1,1554,98,2,1,3,Married,2430,Upto 5k,26204,0,Y,No,23,1,80,2,6,5,3,3,4,2
RM1109,35,26-35,Male,Research & Development,Laboratory Technician,29400,No,3,4,3,Travel_Rarely,992,1,3,Medical,1,1564,68,2,1,1,Single,2450,Upto 5k,21731,1,Y,No,19,2,80,0,3,3,3,0,1,2
RM1111,35,26-35,Female,Research & Development,Laboratory Technician,24888,Yes,1,1,3,Travel_Rarely,104,2,3,Life Sciences,1,1569,69,3,1,1,Divorced,2074,Upto 5k,26619,1,Y,Yes,12,4,80,1,1,2,3,0,0,0
RM1124,35,26-35,Female,Research & Development,Healthcare Representative,73704,No,5,1,3,Travel_Rarely,670,10,4,Medical,1,1587,51,3,2,3,Single,6142,5k-10k,4223,3,Y,Yes,16,3,80,0,10,4,3,2,0,4
RM1131,35,26-35,Male,Research & Development,Laboratory Technician,40884,No,10,2,3,Travel_Rarely,750,28,3,Life Sciences,1,1596,46,4,2,3,Married,3407,Upto 5k,25348,1,Y,No,17,4,80,2,10,3,2,9,6,8
RM1135,35,26-35,Male,Research & Development,Laboratory Technician,32280,No,1,3,3,Travel_Rarely,1349,7,2,Life Sciences,1,1601,63,2,1,4,Married,2690,Upto 5k,7713,1,Y,No,18,4,80,1,1,5,2,0,0,1
RM1151,35,26-35,Male,Research & Development,Research Scientist,62496,No,16,2,3,Travel_Rarely,819,18,5,Life Sciences,1,1621,48,4,2,1,Married,5208,5k-10k,26312,1,Y,No,11,4,80,0,16,2,3,15,1,10
RM1158,35,26-35,Female,Research & Development,Healthcare Representative,49776,No,14,3,3,Non-Travel,208,8,4,Life Sciences,1,1630,52,3,2,3,Married,4148,Upto 5k,12250,1,Y,No,12,4,80,1,15,5,3,11,2,9
RM1163,35,26-35,Male,Sales,Sales Executive,123672,Yes,13,4,3,Travel_Rarely,737,10,3,Medical,1,1639,55,2,3,1,Married,10306,10k-15k,21530,9,Y,No,17,3,80,0,15,3,3,12,6,0
RM1168,35,26-35,Male,Sales,Sales Executive,65280,Yes,2,1,3,Travel_Rarely,763,15,2,Medical,1,1645,59,1,2,4,Divorced,5440,5k-10k,22098,6,Y,Yes,14,4,80,2,7,2,2,2,2,2
RM1187,35,26-35,Male,Sales,Sales Executive,54972,Yes,11,4,4,Travel_Frequently,880,12,4,Other,1,1667,36,3,2,4,Single,4581,Upto 5k,10414,3,Y,Yes,24,1,80,0,13,2,4,9,6,7
RM1216,35,26-35,Male,Research & Development,Research Scientist,59160,No,5,1,3,Travel_Frequently,146,2,4,Medical,1,1704,79,2,1,4,Single,4930,Upto 5k,13970,0,Y,Yes,14,3,80,0,6,2,4,4,1,4
RM1233,35,26-35,Male,Research & Development,Manufacturing Director,82596,No,7,4,3,Travel_Rarely,1370,27,4,Life Sciences,1,1728,49,3,2,3,Married,6883,5k-10k,5151,2,Y,No,16,2,80,1,17,3,3,7,0,7
RM1282,35,26-35,Male,Sales,Sales Executive,69756,Yes,10,3,3,Travel_Rarely,303,27,3,Life Sciences,1,1797,84,3,2,4,Single,5813,5k-10k,13492,1,Y,Yes,18,4,80,0,10,2,3,7,7,7
RM1289,35,26-35,Male,Research & Development,Manufacturing Director,69144,No,7,2,3,Non-Travel,1180,2,2,Medical,1,1804,90,3,2,4,Divorced,5762,5k-10k,24442,2,Y,No,14,3,80,1,15,6,3,7,1,7
RM1303,35,26-35,Male,Research & Development,Laboratory Technician,32460,No,5,2,3,Travel_Rarely,185,23,4,Medical,1,1826,91,1,1,3,Married,2705,Upto 5k,9696,0,Y,No,16,2,80,1,6,2,4,4,0,3
RM1346,35,26-35,Female,Research & Development,Manufacturing Director,57456,No,3,4,3,Travel_Rarely,219,16,2,Other,1,1886,44,2,2,2,Married,4788,Upto 5k,25388,0,Y,Yes,11,4,80,0,4,2,3,2,0,2
RM1381,35,26-35,Male,Sales,Sales Executive,66732,No,5,2,3,Travel_Rarely,682,18,4,Medical,1,1945,71,3,2,1,Married,5561,5k-10k,15975,0,Y,No,16,4,80,1,6,2,1,3,0,4
RM1393,35,26-35,Female,Sales,Sales Executive,62448,No,10,3,3,Travel_Rarely,1224,7,4,Life Sciences,1,1962,55,3,2,4,Married,5204,5k-10k,13586,1,Y,Yes,11,4,80,0,10,2,3,8,0,9
RM1423,35,26-35,Male,Research & Development,Laboratory Technician,31920,No,2,4,3,TravelRarely,1490,11,4,Medical,1,2003,43,3,1,3,Married,2660,Upto 5k,20232,7,Y,Yes,11,3,80,1,5,3,3,2,2,2
RM1425,35,26-35,Male,Research & Development,Research Scientist,61176,No,10,2,3,Travel_Rarely,1395,9,4,Medical,1,2008,48,3,2,3,Single,5098,5k-10k,18698,1,Y,No,19,2,80,0,10,5,3,7,0,8
RM1451,35,26-35,Female,Human Resources,Human Resources,106044,No,9,3,3,Travel_Rarely,1146,26,4,Life Sciences,1,2040,31,3,3,4,Single,8837,5k-10k,16642,1,Y,Yes,16,3,80,0,9,2,3,0,1,7
RM1457,35,26-35,Male,Research & Development,Healthcare Representative,68268,No,10,3,3,Travel_Frequently,1199,18,4,Life Sciences,1,2049,80,3,2,3,Married,5689,5k-10k,24594,1,Y,Yes,14,4,80,2,10,2,4,2,0,2
RM1459,35,26-35,Female,Research & Development,Research Scientist,35724,No,4,3,3,Travel_Rarely,287,1,4,Life Sciences,1,2052,62,1,1,4,Married,2977,Upto 5k,8952,1,Y,No,12,4,80,1,4,5,3,3,1,1
RM010,36,36-45,Male,Research & Development,Healthcare Representative,62844,No,7,3,3,Travel_Rarely,1299,27,3,Medical,1,13,94,3,2,3,Married,5237,5k-10k,16577,6,Y,No,13,2,80,2,17,3,2,7,7,7
RM022,36,36-45,Male,Sales,Sales Representative,40884,Yes,5,3,4,Travel_Rarely,1218,9,4,Life Sciences,1,27,82,2,1,1,Single,3407,Upto 5k,6986,7,Y,No,23,2,80,0,10,4,3,3,0,3
RM039,36,36-45,Female,Research & Development,Research Scientist,41028,No,1,2,3,Travel_Rarely,852,5,4,Life Sciences,1,51,82,2,1,1,Married,3419,Upto 5k,13072,9,Y,Yes,14,4,80,1,6,3,4,1,0,0
RM065,36,36-45,Female,Research & Development,Healthcare Representative,121152,No,17,3,3,Travel_Rarely,1223,8,3,Technical Degree,1,83,59,3,3,3,Divorced,10096,10k-15k,8202,1,Y,No,13,2,80,3,17,2,3,14,12,8
RM067,36,36-45,Male,Research & Development,Manufacturing Director,77988,No,6,2,3,Travel_Frequently,1195,11,3,Life Sciences,1,85,95,2,2,2,Single,6499,5k-10k,22656,1,Y,No,13,3,80,0,6,3,3,5,0,3
RM070,36,36-45,Male,Research & Development,Research Scientist,40656,Yes,1,4,3,Travel_Rarely,318,9,3,Medical,1,90,79,2,1,3,Married,3388,Upto 5k,21777,0,Y,Yes,17,1,80,1,2,0,2,0,0,
RM075,36,36-45,Female,Research & Development,Laboratory Technician,36456,No,1,2,3,Travel_Rarely,132,6,3,Life Sciences,1,97,55,4,1,4,Married,3038,Upto 5k,22002,3,Y,No,12,2,80,0,5,3,3,0,0,
RM118,36,36-45,Female,Sales,Sales Executive,116856,No,9,2,3,Travel_Frequently,1467,11,2,Technical Degree,1,154,92,3,3,4,Married,9738,5k-10k,22952,0,Y,No,14,3,80,1,10,6,3,7,2,8
RM119,36,36-45,Female,Research & Development,Laboratory Technician,34020,No,1,1,4,Travel_Rarely,922,3,2,Life Sciences,1,155,39,3,1,4,Divorced,2835,Upto 5k,2561,5,Y,No,22,1,80,1,7,2,3,0,0,0
RM136,36,36-45,Male,Research & Development,Manufacturing Director,59292,No,3,2,4,Travel_Rarely,216,6,2,Medical,1,178,84,3,2,2,Divorced,4941,Upto 5k,2819,6,Y,No,20,4,80,2,7,0,3,2,0,1
RM173,36,36-45,Male,Research & Development,Laboratory Technician,25056,No,8,4,3,Travel_Frequently,1480,3,2,Medical,1,238,30,3,1,2,Single,2088,Upto 5k,15062,4,Y,No,12,3,80,0,13,3,2,7,7,2
RM208,36,36-45,Female,Research & Development,Laboratory Technician,25836,No,8,2,3,Travel_Frequently,635,18,1,Medical,1,286,73,3,1,4,Single,2153,Upto 5k,7703,1,Y,No,13,1,80,0,8,2,3,1,1,
RM221,36,36-45,Male,Research & Development,Laboratory Technician,70968,No,13,4,3,Travel_Rarely,1396,5,2,Life Sciences,1,304,62,3,2,2,Single,5914,5k-10k,9945,8,Y,No,16,4,80,0,16,3,4,11,3,7
RM270,36,36-45,Male,Research & Development,Laboratory Technician,38520,No,15,4,3,Travel_Rarely,1403,6,3,Life Sciences,1,373,47,3,1,4,Married,3210,Upto 5k,20251,0,Y,No,11,3,80,1,16,4,3,13,10,11
RM292,36,36-45,Male,Research & Development,Research Scientist,53820,No,8,3,3,Travel_Rarely,506,3,3,Technical Degree,1,397,30,3,2,2,Single,4485,Upto 5k,26285,4,Y,No,12,4,80,0,10,2,3,0,7,7
RM299,36,36-45,Male,Research & Development,Laboratory Technician,44256,No,1,3,3,Travel_Frequently,566,18,4,Life Sciences,1,407,81,4,1,4,Married,3688,Upto 5k,7122,4,Y,No,18,4,80,2,4,2,3,0,0,0
RM306,36,36-45,Female,Research & Development,Laboratory Technician,68088,No,9,2,3,Non-Travel,1105,24,4,Life Sciences,1,419,47,3,2,2,Married,5674,5k-10k,6927,7,Y,No,15,3,80,1,11,3,3,8,0,8
RM359,36,36-45,Female,Sales,Sales Executive,79836,No,1,4,3,Non-Travel,845,1,5,Medical,1,479,45,3,2,4,Single,6653,5k-10k,15276,4,Y,No,15,2,80,0,7,6,3,0,0,
RM360,36,36-45,Male,Sales,Sales Executive,116388,No,13,1,3,Travel_Frequently,541,3,4,Medical,1,481,48,2,3,4,Married,9699,5k-10k,7246,4,Y,No,11,1,80,1,16,2,3,9,1,
RM378,36,36-45,Female,Research & Development,Research Scientist,30516,No,2,4,3,Travel_Rarely,329,2,3,Life Sciences,1,501,96,3,1,3,Married,2543,Upto 5k,11868,4,Y,No,13,2,80,1,6,3,3,2,2,2
RM385,36,36-45,Male,Sales,Sales Executive,91152,No,10,2,3,Travel_Rarely,164,2,2,Medical,1,513,61,2,3,3,Married,7596,5k-10k,3809,1,Y,No,13,2,80,2,10,2,3,9,9,0
RM443,36,36-45,Male,Sales,Sales Executive,119760,No,10,2,3,Non-Travel,635,10,4,Medical,1,592,32,3,3,4,Single,9980,5k-10k,15318,1,Y,No,14,4,80,0,10,3,2,3,9,7
RM512,36,36-45,Male,Research & Development,Manufacturing Director,106164,No,3,2,3,Travel_Rarely,913,9,2,Medical,1,699,48,2,2,2,Divorced,8847,5k-10k,13934,2,Y,Yes,11,3,80,1,13,2,3,2,0,2
RM542,36,36-45,Female,Research & Development,Research Director,140556,No,8,1,3,Non-Travel,427,8,3,Life Sciences,1,742,63,4,3,1,Married,11713,10k-15k,20335,9,Y,No,14,1,80,1,10,2,3,7,0,5
RM570,36,36-45,Male,Sales,Sales Executive,91044,No,10,1,3,Non-Travel,1434,8,4,Life Sciences,1,789,76,2,3,1,Single,7587,5k-10k,14229,1,Y,No,15,2,80,0,10,1,3,7,0,9
RM594,36,36-45,Female,Research & Development,Manufacturing Director,62736,No,9,3,3,Travel_Rarely,676,1,3,Other,1,823,35,3,2,2,Married,5228,5k-10k,23361,0,Y,No,15,1,80,1,10,2,3,7,0,5
RM600,36,36-45,Male,Human Resources,Human Resources,25716,No,5,3,3,Travel_Rarely,1041,13,3,Human Resources,1,829,36,3,1,2,Married,2143,Upto 5k,25527,4,Y,No,13,2,80,1,8,2,3,2,0,4
RM622,36,36-45,Male,Sales,Sales Executive,74412,No,18,2,3,Travel_Rarely,928,1,2,Life Sciences,1,857,56,3,2,4,Married,6201,5k-10k,2823,1,Y,Yes,14,4,80,1,18,1,2,14,4,11
RM634,36,36-45,Male,Human Resources,Human Resources,28104,No,5,1,4,Travel_Rarely,1278,8,3,Life Sciences,1,878,77,2,1,1,Married,2342,Upto 5k,8635,0,Y,No,21,3,80,0,6,3,3,4,0,3
RM665,36,36-45,Male,Research & Development,Healthcare Representative,79032,No,16,3,3,Travel_Rarely,1425,14,1,Life Sciences,1,924,68,3,2,4,Married,6586,5k-10k,4821,0,Y,Yes,17,1,80,1,17,2,2,8,4,11
RM681,36,36-45,Male,Research & Development,Research Scientist,56136,No,6,2,3,Travel_Rarely,188,7,4,Other,1,949,65,3,1,4,Single,4678,Upto 5k,23293,2,Y,No,18,3,80,0,8,6,3,2,0,1
RM688,36,36-45,Male,Research & Development,Laboratory Technician,30228,No,11,3,4,Travel_Rarely,938,2,4,Medical,1,958,79,3,1,3,Single,2519,Upto 5k,12287,4,Y,No,21,3,80,0,16,6,3,8,3,9
RM694,36,36-45,Male,Sales,Sales Executive,123900,Yes,16,3,3,Travel_Rarely,530,3,1,Life Sciences,1,967,51,2,3,4,Married,10325,10k-15k,5518,1,Y,Yes,11,1,80,1,16,6,3,7,3,7
RM709,36,36-45,Male,Sales,Sales Executive,60948,No,7,1,3,Non-Travel,1229,8,4,Technical Degree,1,990,84,3,2,4,Divorced,5079,5k-10k,25952,4,Y,No,13,4,80,2,12,3,3,7,0,7
RM753,36,36-45,Female,Research & Development,Laboratory Technician,32916,Yes,17,3,3,Travel_Rarely,885,16,4,Life Sciences,1,1042,43,4,1,1,Single,2743,Upto 5k,8269,1,Y,No,16,3,80,0,18,1,3,13,15,14
RM762,36,36-45,Male,Research & Development,Laboratory Technician,58008,Yes,1,1,3,Travel_Rarely,660,15,3,Other,1,1052,81,3,2,3,Divorced,4834,Upto 5k,7858,7,Y,No,14,2,80,1,9,3,2,0,0,0
RM774,36,36-45,Female,Research & Development,Manufacturing Director,106296,No,14,4,3,Travel_Rarely,796,12,5,Medical,1,1073,51,2,3,4,Single,8858,5k-10k,15669,0,Y,No,11,2,80,0,15,2,2,8,7,8
RM818,36,36-45,Male,Research & Development,Manufacturing Director,93348,No,11,1,4,Non-Travel,217,18,4,Life Sciences,1,1133,78,3,2,4,Single,7779,5k-10k,23238,2,Y,No,20,1,80,0,18,0,3,9,0,9
RM874,36,36-45,Male,Research & Development,Laboratory Technician,32892,No,7,3,3,Travel_Rarely,917,6,4,Life Sciences,1,1221,60,1,1,3,Divorced,2741,Upto 5k,6865,1,Y,No,14,3,80,1,7,4,3,7,1,7
RM883,36,36-45,Female,Research & Development,Manufacturing Director,123024,No,7,3,4,Travel_Rarely,363,1,3,Technical Degree,1,1237,77,1,3,1,Divorced,10252,10k-15k,4235,2,Y,Yes,21,3,80,1,17,2,3,7,7,7
RM901,36,36-45,Male,Research & Development,Research Scientist,44304,No,11,3,3,Travel_Frequently,469,3,3,Technical Degree,1,1257,46,3,1,2,Married,3692,Upto 5k,9256,1,Y,No,12,3,80,0,12,2,2,10,0,7
RM928,36,36-45,Female,Research & Development,Manufacturing Director,64920,No,16,3,3,Travel_Rarely,429,2,4,Life Sciences,1,1294,53,3,2,2,Single,5410,5k-10k,2323,9,Y,Yes,11,4,80,0,18,2,3,14,5,12
RM943,36,36-45,Female,Research & Development,Healthcare Representative,85128,No,7,4,3,Travel_Rarely,325,10,4,Technical Degree,1,1312,63,3,3,3,Married,7094,5k-10k,5747,3,Y,No,12,1,80,0,10,0,3,7,1,7
RM969,36,36-45,Female,Sales,Sales Executive,55668,No,15,1,3,Travel_Frequently,607,7,3,Marketing,1,1362,83,4,2,1,Married,4639,Upto 5k,2261,2,Y,No,16,4,80,1,17,2,2,7,6,13
RM1012,36,36-45,Female,Sales,Sales Executive,111336,No,5,1,3,Travel_Rarely,1174,3,4,Marketing,1,1425,99,3,2,2,Single,9278,5k-10k,20763,3,Y,Yes,16,4,80,0,15,3,3,4,0,1
RM1019,36,36-45,Male,Research & Development,Laboratory Technician,69720,No,10,1,3,Travel_Rarely,172,4,4,Life Sciences,1,1435,37,2,2,4,Single,5810,5k-10k,22604,1,Y,No,16,3,80,0,10,2,2,4,1,8
RM1020,36,36-45,Female,Sales,Sales Executive,67764,No,3,3,3,Travel_Rarely,329,16,4,Marketing,1,1436,98,2,2,1,Married,5647,5k-10k,13494,4,Y,No,13,1,80,2,11,3,2,2,0,2
RM1103,36,36-45,Male,Sales,Sales Representative,31728,No,3,3,4,Travel_Rarely,1157,2,4,Life Sciences,1,1556,70,3,1,4,Single,2644,Upto 5k,17001,3,Y,Yes,21,4,80,0,7,3,2,2,1,2
RM1122,36,36-45,Female,Sales,Sales Executive,81780,No,1,2,3,Travel_Rarely,884,1,4,Life Sciences,1,1585,73,3,2,3,Single,6815,5k-10k,21447,6,Y,No,13,1,80,0,15,5,3,0,0,0
RM1129,36,36-45,Male,Research & Development,Laboratory Technician,66744,No,3,1,3,Travel_Frequently,1302,6,4,Life Sciences,1,1594,80,4,2,1,Married,5562,5k-10k,19711,3,Y,Yes,13,4,80,1,9,3,3,2,0,2
RM1146,36,36-45,Female,Research & Development,Manufacturing Director,55956,No,3,3,3,Travel_Rarely,559,12,4,Life Sciences,1,1614,76,3,2,3,Married,4663,Upto 5k,12421,9,Y,Yes,12,2,80,2,7,2,3,2,1,1
RM1174,36,36-45,Female,Research & Development,Healthcare Representative,96096,No,3,2,3,Travel_Rarely,711,5,4,Life Sciences,1,1651,42,3,3,1,Married,8008,5k-10k,22792,4,Y,No,12,3,80,2,9,6,3,2,0,2
RM1181,36,36-45,Male,Research & Development,Laboratory Technician,24156,No,4,1,3,Travel_Rarely,311,7,3,Life Sciences,1,1659,77,3,1,2,Single,2013,Upto 5k,10950,2,Y,No,11,3,80,0,15,4,3,3,1,3
RM1183,36,36-45,Female,Research & Development,Manufacturing Director,52488,No,3,4,3,Non-Travel,894,1,4,Medical,1,1662,33,2,2,3,Married,4374,Upto 5k,15411,0,Y,No,15,3,80,0,4,6,3,2,1,2
RM1184,36,36-45,Male,Research & Development,Healthcare Representative,82104,No,5,4,4,Travel_Rarely,1040,3,2,Life Sciences,1,1664,79,4,2,1,Divorced,6842,5k-10k,26308,6,Y,No,20,1,80,1,13,3,3,4,0,4
RM1200,36,36-45,Male,Research & Development,Healthcare Representative,64164,No,3,1,3,Travel_Rarely,1351,26,4,Life Sciences,1,1682,80,3,2,3,Married,5347,5k-10k,7419,6,Y,No,14,2,80,2,10,2,2,2,0,2
RM1221,36,36-45,Female,Sales,Sales Representative,54024,No,13,3,3,Travel_Rarely,530,2,4,Life Sciences,1,1710,51,3,2,4,Single,4502,Upto 5k,7439,3,Y,No,15,3,80,0,17,2,2,7,6,7
RM1237,36,36-45,Male,Sales,Sales Executive,73608,Yes,2,2,3,Travel_Rarely,1456,13,5,Marketing,1,1733,96,2,2,1,Divorced,6134,5k-10k,8658,5,Y,Yes,13,2,80,3,16,3,3,2,2,2
RM1279,36,36-45,Male,Research & Development,Healthcare Representative,99852,No,12,4,3,Travel_Rarely,1383,10,3,Life Sciences,1,1790,90,3,3,1,Married,8321,5k-10k,25949,7,Y,Yes,13,4,80,1,15,1,3,8,5,7
RM1316,36,36-45,Female,Research & Development,Research Scientist,83544,No,1,4,4,Travel_Rarely,430,2,4,Other,1,1847,73,3,2,2,Married,6962,5k-10k,19573,4,Y,Yes,22,4,80,1,15,2,3,0,0,0
RM1341,36,36-45,Female,Sales,Sales Executive,68076,No,10,2,3,Travel_Rarely,1266,10,4,Technical Degree,1,1880,63,2,2,3,Married,5673,5k-10k,6060,1,Y,Yes,13,1,80,1,10,4,3,9,1,7
RM1348,36,36-45,Male,Human Resources,Human Resources,46632,No,10,2,4,Travel_Frequently,1213,2,1,Human Resources,1,1890,94,2,2,4,Single,3886,Upto 5k,4223,1,Y,No,21,4,80,0,10,2,2,1,0,8
RM1356,36,36-45,Male,Sales,Sales Executive,66084,No,4,3,3,Travel_Rarely,335,17,2,Marketing,1,1908,33,2,2,2,Married,5507,5k-10k,16822,2,Y,No,16,3,80,2,12,1,1,2,1,3
RM1384,36,36-45,Male,Research & Development,Laboratory Technician,33720,No,5,1,4,Non-Travel,1351,9,4,Life Sciences,1,1949,66,4,1,2,Married,2810,Upto 5k,9238,1,Y,No,22,2,80,0,5,3,3,4,0,2
RM1440,36,36-45,Female,Sales,Sales Executive,91728,No,9,1,3,Travel_Rarely,557,3,3,Medical,1,2024,94,2,3,4,Married,7644,5k-10k,12695,0,Y,No,19,3,80,2,10,2,3,7,3,4
RM1441,36,36-45,Female,Research & Development,Manufacturing Director,61572,No,4,4,3,Travel_Frequently,688,4,2,Life Sciences,1,2025,97,3,2,2,Divorced,5131,5k-10k,9192,7,Y,No,13,2,80,3,18,3,3,2,0,2
RM1448,36,36-45,Male,Sales,Sales Executive,64872,No,15,4,4,Non-Travel,301,15,4,Marketing,1,2036,88,1,2,4,Divorced,5406,5k-10k,10436,1,Y,No,24,1,80,1,15,4,2,12,11,11
RM1454,36,36-45,Female,Sales,Sales Executive,79824,No,6,2,3,Travel_Rarely,1120,11,4,Marketing,1,2045,100,2,2,4,Married,6652,5k-10k,14369,4,Y,No,13,1,80,1,8,2,2,3,0,0
RM1466,36,36-45,Male,Research & Development,Laboratory Technician,30852,No,5,3,3,Travel_Frequently,884,23,2,Medical,1,2061,41,4,2,4,Married,2571,Upto 5k,12290,4,Y,No,17,3,80,1,17,3,3,2,0,3
RM1466,36,36-45,Male,Research & Development,Laboratory Technician,30852,No,5,3,3,Travel_Frequently,884,23,2,Medical,1,2061,41,4,2,4,Married,2571,Upto 5k,12290,4,Y,No,17,3,80,1,17,3,3,2,0,2
RM003,37,36-45,Male,Research & Development,Laboratory Technician,25080,Yes,0,4,3,Travel_Rarely,1373,2,2,Other,1,4,92,2,1,3,Single,2090,Upto 5k,2396,6,Y,Yes,15,2,80,0,7,3,3,0,0,0
RM048,37,36-45,Male,Research & Development,Research Scientist,36264,No,1,2,4,Travel_Rarely,408,19,2,Life Sciences,1,61,73,3,1,2,Married,3022,Upto 5k,10227,4,Y,No,21,1,80,0,8,1,3,0,0,0
RM060,37,36-45,Male,Research & Development,Manufacturing Director,71916,No,7,1,3,Travel_Rarely,1115,1,4,Life Sciences,1,77,51,2,2,3,Divorced,5993,5k-10k,2689,1,Y,No,18,3,80,1,7,2,4,5,0,7
RM079,37,36-45,Male,Research & Development,Research Director,163968,No,5,1,3,Travel_Rarely,397,7,4,Medical,1,102,30,3,3,3,Single,13664,10k-15k,25258,4,Y,No,13,1,80,0,16,3,4,2,0,2
RM101,37,36-45,Male,Human Resources,Human Resources,24876,Yes,3,3,4,Travel_Rarely,807,6,4,Human Resources,1,133,63,3,1,1,Divorced,2073,Upto 5k,23648,4,Y,Yes,22,4,80,0,7,3,3,2,0,2
RM105,37,36-45,Male,Research & Development,Healthcare Representative,61956,No,1,3,3,Non-Travel,1040,2,2,Life Sciences,1,139,100,2,2,4,Divorced,5163,5k-10k,15850,5,Y,No,14,4,80,1,17,2,4,0,0,0
RM116,37,36-45,Male,Sales,Sales Executive,89136,No,5,3,3,Travel_Rarely,1189,3,3,Life Sciences,1,152,87,3,3,4,Single,7428,5k-10k,14506,2,Y,No,12,1,80,0,12,3,3,3,1,3
RM196,37,36-45,Male,Research & Development,Research Scientist,42768,No,8,2,3,Travel_Rarely,290,21,3,Life Sciences,1,267,65,4,1,1,Married,3564,Upto 5k,22977,1,Y,Yes,12,1,80,1,8,3,2,7,1,7
RM223,37,36-45,Male,Research & Development,Research Director,146220,No,10,2,3,Travel_Frequently,663,11,3,Other,1,306,47,3,3,4,Divorced,12185,10k-15k,10056,1,Y,Yes,14,3,80,3,10,1,3,8,0,7
RM227,37,36-45,Male,Sales,Sales Representative,33516,No,9,1,3,Travel_Frequently,319,4,4,Marketing,1,311,41,3,1,4,Divorced,2793,Upto 5k,2539,4,Y,No,17,3,80,1,13,2,3,8,5,8
RM249,37,36-45,Female,Research & Development,Research Scientist,47040,No,3,3,3,Travel_Rarely,1017,1,2,Medical,1,340,83,2,1,1,Married,3920,Upto 5k,18697,2,Y,No,14,1,80,1,17,2,2,1,0,
RM251,37,36-45,Male,Research & Development,Manufacturing Director,120576,Yes,1,1,3,Travel_Frequently,504,10,3,Medical,1,342,61,3,3,3,Divorced,10048,10k-15k,22573,6,Y,No,11,2,80,2,17,5,3,0,0,
RM274,37,36-45,Male,Sales,Sales Executive,78024,No,5,3,3,Travel_Rarely,228,6,4,Medical,1,378,98,3,2,4,Married,6502,5k-10k,22825,4,Y,No,14,2,80,1,7,5,4,4,0,1
RM276,37,36-45,Female,Research & Development,Research Director,163236,No,5,1,3,Non-Travel,728,1,4,Medical,1,380,80,3,3,4,Divorced,13603,10k-15k,11677,2,Y,Yes,18,1,80,2,15,2,3,2,0,2
RM286,37,36-45,Female,Research & Development,Research Scientist,25380,No,17,4,3,Travel_Rarely,1372,1,3,Life Sciences,1,391,42,3,1,4,Single,2115,Upto 5k,15881,1,Y,No,12,2,80,0,17,3,3,12,5,7
RM295,37,36-45,Male,Research & Development,Research Scientist,27912,No,4,2,3,Travel_Frequently,889,9,3,Medical,1,403,53,3,1,4,Married,2326,Upto 5k,11411,1,Y,Yes,12,3,80,3,4,3,2,2,1,2
RM341,37,36-45,Male,Research & Development,Manufacturing Director,76164,No,6,4,3,Travel_Rarely,1192,5,2,Medical,1,460,61,3,2,4,Divorced,6347,5k-10k,23177,7,Y,No,16,3,80,2,8,2,2,2,0,4
RM354,37,36-45,Male,Research & Development,Research Scientist,71688,No,7,3,3,Travel_Rarely,1319,6,3,Medical,1,474,51,4,2,1,Divorced,5974,5k-10k,17001,4,Y,Yes,13,1,80,2,13,2,3,7,6,7
RM365,37,36-45,Female,Research & Development,Laboratory Technician,41424,No,5,3,4,Travel_Rarely,921,10,3,Medical,1,486,98,3,1,1,Married,3452,Upto 5k,17663,6,Y,No,20,2,80,1,17,3,3,4,0,3
RM387,37,36-45,Female,Research & Development,Laboratory Technician,36408,No,18,4,3,Travel_Rarely,1107,14,3,Life Sciences,1,515,95,3,1,1,Divorced,3034,Upto 5k,26914,1,Y,No,12,3,80,1,18,2,2,7,12,17
RM390,37,36-45,Male,Research & Development,Manufacturing Director,50364,No,1,3,3,Travel_Rarely,1305,10,4,Life Sciences,1,518,49,3,2,2,Single,4197,Upto 5k,21123,2,Y,Yes,12,4,80,0,18,2,2,0,0,1
RM399,37,36-45,Female,Research & Development,Research Scientist,53388,No,13,2,3,Non-Travel,1063,25,5,Medical,1,529,72,3,2,3,Married,4449,Upto 5k,23866,3,Y,Yes,15,1,80,2,15,2,3,11,10,7
RM465,37,36-45,Female,Research & Development,Manufacturing Director,89892,No,6,2,3,Travel_Rarely,799,1,3,Technical Degree,1,623,59,3,3,4,Single,7491,5k-10k,23848,4,Y,No,17,4,80,0,12,3,4,5,1,2
RM468,37,36-45,Male,Sales,Sales Executive,106008,No,9,1,3,Non-Travel,142,9,4,Medical,1,626,69,3,3,2,Divorced,8834,5k-10k,24666,1,Y,No,13,4,80,1,9,6,3,5,7,7
RM473,37,36-45,Female,Research & Development,Manufacturing Director,77364,No,6,2,3,Travel_Rarely,446,1,4,Life Sciences,1,635,65,3,2,2,Married,6447,5k-10k,15701,6,Y,No,12,2,80,1,8,2,2,5,4,3
RM487,37,36-45,Male,Sales,Sales Executive,115224,No,3,4,3,Travel_Rarely,558,2,3,Marketing,1,656,75,3,2,3,Married,9602,5k-10k,3010,4,Y,Yes,11,3,80,1,17,3,2,0,1,0
RM507,37,36-45,Male,Research & Development,Manufacturing Director,113208,No,10,3,3,Travel_Rarely,482,3,3,Other,1,689,36,3,3,3,Married,9434,5k-10k,9606,1,Y,No,15,3,80,1,10,2,3,7,7,8
RM523,37,36-45,Male,Research & Development,Research Scientist,56160,No,1,4,3,Travel_Rarely,1225,10,2,Life Sciences,1,715,80,4,1,4,Single,4680,Upto 5k,15232,3,Y,No,17,1,80,0,4,2,3,0,0,0
RM578,37,36-45,Female,Research & Development,Research Scientist,33384,No,5,4,3,Travel_Rarely,571,10,1,Life Sciences,1,802,82,3,1,1,Divorced,2782,Upto 5k,19905,0,Y,Yes,13,2,80,2,6,3,2,3,4,3
RM629,37,36-45,Male,Sales,Sales Executive,76008,No,1,4,3,Travel_Rarely,342,16,4,Marketing,1,868,66,2,2,3,Divorced,6334,5k-10k,24558,4,Y,No,19,4,80,2,9,2,3,0,0,0
RM649,37,36-45,Female,Sales,Sales Representative,35676,No,5,3,3,Travel_Frequently,1231,21,2,Medical,1,900,54,3,1,4,Married,2973,Upto 5k,21222,5,Y,No,15,2,80,1,10,3,3,4,0,0
RM653,37,36-45,Male,Sales,Sales Executive,91704,No,10,1,3,Non-Travel,1252,19,2,Medical,1,904,32,3,3,2,Single,7642,5k-10k,4814,1,Y,Yes,13,4,80,0,10,2,3,0,0,9
RM696,37,36-45,Male,Sales,Sales Executive,127308,Yes,14,1,3,Travel_Rarely,625,1,4,Life Sciences,1,970,46,2,3,3,Married,10609,10k-15k,14922,5,Y,No,11,3,80,0,17,2,1,1,11,7
RM745,37,36-45,Female,Research & Development,Healthcare Representative,57324,Yes,1,1,3,Travel_Rarely,1141,11,2,Medical,1,1033,61,1,2,2,Married,4777,Upto 5k,14382,5,Y,No,15,1,80,0,15,2,1,0,0,0
RM768,37,36-45,Female,Research & Development,Healthcare Representative,49284,No,4,4,3,Travel_Rarely,124,3,3,Other,1,1062,35,3,2,2,Single,4107,Upto 5k,13848,3,Y,No,15,1,80,0,8,3,2,3,0,1
RM796,37,36-45,Female,Sales,Sales Executive,80328,No,1,4,3,Travel_Rarely,309,10,4,Life Sciences,1,1105,88,2,2,4,Divorced,6694,5k-10k,24223,2,Y,Yes,14,3,80,3,8,5,3,0,0,0
RM833,37,36-45,Female,Research & Development,Healthcare Representative,68772,No,6,3,3,Travel_Rarely,367,25,2,Medical,1,1161,52,2,2,4,Divorced,5731,5k-10k,17171,7,Y,No,13,3,80,2,9,2,3,2,1,3
RM856,37,36-45,Female,Research & Development,Manufacturing Director,77688,No,14,4,3,Travel_Rarely,977,1,3,Life Sciences,1,1196,56,2,2,4,Married,6474,5k-10k,9961,1,Y,No,13,2,80,1,14,2,2,8,3,11
RM990,37,36-45,Male,Research & Development,Research Scientist,35952,No,6,3,3,Travel_Rarely,1439,4,1,Life Sciences,1,1394,54,3,1,3,Married,2996,Upto 5k,5182,7,Y,Yes,15,4,80,0,8,2,3,4,1,3
RM1002,37,36-45,Female,Research & Development,Laboratory Technician,43548,No,3,1,3,Travel_Rarely,1462,11,3,Medical,1,1411,94,3,1,3,Single,3629,Upto 5k,19106,4,Y,No,18,1,80,0,8,6,3,2,0,2
RM1023,37,36-45,Male,Research & Development,Laboratory Technician,42000,No,6,3,3,Non-Travel,1413,5,2,Technical Degree,1,1440,84,4,1,3,Single,3500,Upto 5k,25470,0,Y,No,14,1,80,0,7,2,1,5,1,3
RM1090,37,36-45,Male,Research & Development,Research Scientist,51420,No,10,1,3,Travel_Rarely,674,13,3,Medical,1,1543,47,3,2,4,Married,4285,Upto 5k,3031,1,Y,No,17,1,80,0,10,2,3,8,3,7
RM1159,37,36-45,Male,Research & Development,Manufacturing Director,69216,No,4,3,3,Travel_Rarely,671,19,3,Life Sciences,1,1631,85,3,2,3,Married,5768,5k-10k,26493,3,Y,No,17,1,80,3,9,2,2,3,0,2
RM1164,37,36-45,Female,Research & Development,Research Scientist,47232,No,8,2,3,Travel_Rarely,1470,10,3,Medical,1,1640,71,3,1,2,Married,3936,Upto 5k,9953,1,Y,No,11,1,80,1,8,2,1,4,7,7
RM1212,37,36-45,Male,Sales,Sales Executive,114300,No,6,3,3,Travel_Frequently,1278,1,4,Medical,1,1700,31,1,2,4,Divorced,9525,5k-10k,7677,1,Y,No,14,3,80,2,6,2,2,3,1,3
RM1277,37,36-45,Male,Sales,Sales Executive,50268,No,5,2,3,Travel_Rarely,589,9,2,Marketing,1,1787,46,2,2,2,Married,4189,Upto 5k,8800,1,Y,No,14,1,80,2,5,2,3,2,0,3
RM1281,37,36-45,Male,Human Resources,Human Resources,48852,No,10,3,3,Travel_Rarely,1239,8,2,Other,1,1794,89,3,2,2,Divorced,4071,Upto 5k,12832,2,Y,No,13,3,80,0,19,4,2,0,4,7
RM1292,37,36-45,Male,Research & Development,Manufacturing Director,50556,Yes,10,4,3,Travel_Rarely,370,10,4,Medical,1,1809,58,3,2,1,Single,4213,Upto 5k,4992,1,Y,No,15,2,80,0,10,4,1,3,0,8
RM1345,37,36-45,Male,Research & Development,Research Scientist,51408,No,5,4,4,Travel_Rarely,783,7,4,Medical,1,1885,78,3,2,1,Married,4284,Upto 5k,13588,5,Y,Yes,22,3,80,1,16,2,3,3,0,4
RM1433,37,36-45,Female,Research & Development,Research Director,164928,No,16,3,4,Travel_Rarely,161,10,3,Life Sciences,1,2017,42,4,3,4,Married,13744,10k-15k,15471,1,Y,Yes,25,1,80,1,16,2,3,11,6,8
RM009,38,36-45,Male,Research & Development,Manufacturing Director,114312,No,9,4,4,Travel_Frequently,216,23,3,Life Sciences,1,12,44,2,3,3,Single,9526,5k-10k,8787,0,Y,No,21,2,80,0,10,2,3,7,1,
RM020,38,36-45,Male,Research & Development,Research Scientist,47328,No,3,4,3,Travel_Rarely,371,2,3,Life Sciences,1,24,45,3,1,4,Single,3944,Upto 5k,4306,5,Y,Yes,11,3,80,0,6,3,3,2,1,2
RM062,38,36-45,Female,Research & Development,Laboratory Technician,28872,No,10,4,3,Travel_Frequently,653,29,5,Life Sciences,1,79,50,3,2,4,Single,2406,Upto 5k,5456,1,Y,No,11,4,80,0,10,2,3,3,9,9
RM084,38,36-45,Female,Research & Development,Research Scientist,63948,No,13,2,3,Non-Travel,573,6,3,Medical,1,107,79,1,2,4,Divorced,5329,5k-10k,15717,7,Y,Yes,12,4,80,3,17,3,3,11,1,9
RM143,38,36-45,Female,Research & Development,Research Scientist,51804,No,3,4,4,Travel_Rarely,364,3,5,Technical Degree,1,193,32,3,2,3,Single,4317,Upto 5k,2302,3,Y,Yes,20,2,80,0,19,2,3,2,2,
RM169,38,36-45,Female,Sales,Sales Executive,104232,No,8,1,4,Travel_Rarely,702,1,4,Life Sciences,1,230,59,2,2,4,Single,8686,5k-10k,12930,4,Y,No,22,3,80,0,12,2,4,3,0,7
RM180,38,36-45,Female,Research & Development,Laboratory Technician,27456,No,2,3,3,Travel_Rarely,1380,9,2,Life Sciences,1,245,75,3,1,4,Single,2288,Upto 5k,6319,1,Y,No,12,3,80,0,2,3,3,2,2,1
RM199,38,36-45,Male,Research & Development,Manufacturing Director,78636,No,1,4,3,Travel_Rarely,1261,2,4,Life Sciences,1,271,88,3,2,3,Married,6553,5k-10k,7259,9,Y,No,14,2,80,0,14,3,3,0,0,0
RM200,38,36-45,Male,Research & Development,Manufacturing Director,75132,No,7,4,3,Travel_Rarely,1084,29,3,Technical Degree,1,273,54,3,2,4,Married,6261,5k-10k,4185,3,Y,No,18,1,80,1,9,3,1,7,1,7
RM205,38,36-45,Male,Research & Development,Healthcare Representative,80076,Yes,1,2,3,Travel_Rarely,1180,29,1,Medical,1,282,70,3,2,1,Married,6673,5k-10k,11354,7,Y,Yes,19,2,80,0,17,2,3,0,0,0
RM224,38,36-45,Male,Sales,Sales Executive,127308,No,16,1,3,Travel_Rarely,119,3,3,Life Sciences,1,307,76,3,3,3,Divorced,10609,10k-15k,9647,0,Y,No,12,3,80,2,17,6,2,10,5,13
RM262,38,36-45,Male,Sales,Sales Executive,62988,No,8,4,3,Non-Travel,1327,2,2,Life Sciences,1,361,39,2,2,4,Married,5249,5k-10k,19682,3,Y,No,18,4,80,1,13,0,3,7,7,5
RM278,38,36-45,Female,Sales,Sales Executive,67260,No,8,1,4,Travel_Rarely,322,7,2,Medical,1,382,44,4,2,1,Divorced,5605,5k-10k,19191,1,Y,Yes,24,3,80,1,8,3,3,0,7,7
RM288,38,36-45,Male,Research & Development,Healthcare Representative,68940,No,2,4,3,Travel_Rarely,688,23,4,Life Sciences,1,393,82,3,2,4,Divorced,5745,5k-10k,18899,9,Y,No,14,2,80,1,10,2,3,2,1,2
RM308,38,36-45,Female,Research & Development,Research Director,144732,No,10,1,3,Travel_Rarely,849,25,2,Life Sciences,1,421,81,2,3,2,Married,12061,10k-15k,26707,3,Y,No,17,3,80,1,19,2,3,8,0,1
RM342,38,36-45,Male,Research & Development,Research Director,138120,No,11,3,3,Travel_Rarely,343,15,2,Life Sciences,1,461,92,2,3,4,Divorced,11510,10k-15k,15682,0,Y,Yes,14,2,80,1,12,3,3,10,2,9
RM417,38,36-45,Male,Research & Development,Laboratory Technician,20424,No,1,4,4,Travel_Frequently,1490,2,2,Life Sciences,1,556,42,3,1,4,Married,1702,Upto 5k,12106,1,Y,Yes,23,3,80,1,1,3,3,0,0,0
RM472,38,36-45,Female,Research & Development,Healthcare Representative,117888,No,1,3,3,Travel_Rarely,1495,10,3,Medical,1,634,76,3,2,3,Married,9824,5k-10k,22174,3,Y,No,19,3,80,1,18,4,3,0,0,0
RM491,38,36-45,Female,Research & Development,Research Scientist,31428,No,0,3,3,Travel_Rarely,362,1,1,Life Sciences,1,662,43,3,1,1,Single,2619,Upto 5k,14561,3,Y,No,17,4,80,0,8,3,2,0,0,0
RM519,38,36-45,Female,Sales,Sales Executive,48336,No,7,4,4,Travel_Rarely,243,7,4,Marketing,1,709,46,2,2,4,Single,4028,Upto 5k,7791,0,Y,No,20,1,80,0,8,2,3,7,0,5
RM530,38,36-45,Female,Research & Development,Healthcare Representative,91500,No,9,2,3,Travel_Rarely,827,1,4,Life Sciences,1,724,33,4,2,4,Single,7625,5k-10k,19383,0,Y,No,13,3,80,0,10,4,2,7,1,8
RM543,38,36-45,Female,Research & Development,Manufacturing Director,94332,No,1,3,3,Travel_Rarely,168,1,3,Life Sciences,1,743,81,3,3,3,Single,7861,5k-10k,15397,4,Y,Yes,14,4,80,0,10,4,4,0,0,0
RM560,38,36-45,Male,Research & Development,Research Scientist,36684,No,1,4,3,Travel_Rarely,268,2,5,Medical,1,773,92,3,1,3,Married,3057,Upto 5k,20471,6,Y,Yes,13,2,80,1,6,0,1,0,0,1
RM579,38,36-45,Female,Research & Development,Manufacturing Director,71760,No,15,1,3,Travel_Frequently,240,2,4,Life Sciences,1,803,75,4,2,1,Single,5980,5k-10k,26085,6,Y,Yes,12,4,80,0,17,2,3,7,4,12
RM606,38,36-45,Male,Research & Development,Healthcare Representative,75456,No,4,1,3,Travel_Frequently,471,12,3,Life Sciences,1,837,45,2,2,1,Divorced,6288,5k-10k,4284,2,Y,No,15,3,80,1,13,3,2,3,1,2
RM643,38,36-45,Male,Sales,Sales Representative,34788,No,2,2,3,Travel_Rarely,395,9,3,Marketing,1,893,98,2,1,2,Married,2899,Upto 5k,12102,0,Y,No,19,4,80,1,3,3,3,2,1,2
RM682,38,36-45,Female,Research & Development,Research Director,162984,No,15,4,3,Travel_Rarely,1333,1,3,Technical Degree,1,950,80,3,3,1,Married,13582,10k-15k,16292,1,Y,No,13,2,80,1,15,3,3,12,5,11
RM704,38,36-45,Female,Sales,Sales Executive,67992,No,5,3,3,Non-Travel,152,10,3,Technical Degree,1,983,85,3,2,4,Single,5666,5k-10k,19899,1,Y,Yes,13,2,80,0,6,1,3,3,1,3
RM723,38,36-45,Male,Research & Development,Research Scientist,32208,No,2,3,3,Travel_Frequently,1391,10,1,Medical,1,1006,66,3,1,3,Married,2684,Upto 5k,12127,0,Y,No,17,2,80,1,3,0,2,1,0,2
RM748,38,36-45,Male,Sales,Sales Executive,82332,No,1,2,3,Travel_Rarely,1035,3,4,Life Sciences,1,1036,42,3,2,4,Single,6861,5k-10k,4981,8,Y,Yes,12,3,80,0,19,1,3,0,0,0
RM766,38,36-45,Male,Research & Development,Research Scientist,33852,No,2,3,3,Travel_Frequently,1186,3,4,Other,1,1060,44,3,1,3,Married,2821,Upto 5k,2997,3,Y,No,16,1,80,1,8,2,3,2,2,2
RM785,38,36-45,Female,Research & Development,Healthcare Representative,105876,No,19,3,3,Travel_Rarely,330,17,1,Life Sciences,1,1088,65,2,3,3,Married,8823,5k-10k,24608,0,Y,No,18,1,80,1,20,4,2,9,1,9
RM808,38,36-45,Male,Sales,Sales Executive,104880,No,8,3,3,Travel_Rarely,770,10,4,Marketing,1,1119,73,2,3,3,Divorced,8740,5k-10k,5569,0,Y,Yes,14,2,80,2,9,2,3,7,2,7
RM812,38,36-45,Male,Sales,Sales Executive,88212,No,1,4,3,Travel_Rarely,130,2,2,Marketing,1,1125,32,3,3,2,Single,7351,5k-10k,20619,7,Y,No,16,3,80,0,10,2,3,0,0,0
RM827,38,36-45,Male,Human Resources,Human Resources,34128,No,7,3,3,Travel_Rarely,433,1,3,Human Resources,1,1152,37,4,1,3,Married,2844,Upto 5k,6004,1,Y,No,13,4,80,1,7,2,4,6,5,0
RM964,38,36-45,Female,Sales,Sales Executive,82716,No,7,2,3,Travel_Rarely,1009,2,2,Life Sciences,1,1355,31,3,2,1,Divorced,6893,5k-10k,19461,3,Y,No,15,4,80,1,11,3,3,7,1,7
RM983,38,36-45,Male,Research & Development,Research Scientist,31320,No,4,4,3,Travel_Frequently,693,7,3,Life Sciences,1,1382,57,4,1,3,Divorced,2610,Upto 5k,15748,1,Y,No,11,4,80,3,4,2,3,2,0,3
RM1108,38,36-45,Male,Human Resources,Human Resources,72924,No,6,3,3,Travel_Frequently,888,10,4,Human Resources,1,1563,71,3,2,3,Married,6077,5k-10k,14814,3,Y,No,11,3,80,0,10,2,3,3,1,2
RM1113,38,36-45,Male,Research & Development,Manufacturing Director,58260,Yes,5,3,3,Travel_Rarely,903,2,3,Medical,1,1573,81,3,2,2,Married,4855,Upto 5k,7653,4,Y,No,11,1,80,2,7,2,3,2,1,4
RM1120,38,36-45,Male,Sales,Sales Executive,119088,No,9,3,3,Travel_Rarely,1245,14,3,Life Sciences,1,1582,80,3,2,2,Married,9924,5k-10k,12355,0,Y,No,11,4,80,1,10,3,3,8,7,7
RM1121,38,36-45,Female,Sales,Sales Executive,50376,No,3,2,3,Travel_Rarely,437,16,3,Life Sciences,1,1583,90,3,2,2,Single,4198,Upto 5k,16379,2,Y,No,12,2,80,0,8,5,4,2,1,2
RM1162,38,36-45,Female,Research & Development,Manufacturing Director,93072,No,5,4,3,Travel_Rarely,397,2,2,Medical,1,1638,54,2,3,3,Married,7756,5k-10k,14199,3,Y,Yes,19,4,80,1,10,6,4,4,0,2
RM1188,38,36-45,Male,Research & Development,Research Scientist,56820,No,13,4,3,Travel_Frequently,1189,1,3,Life Sciences,1,1668,90,3,2,4,Married,4735,Upto 5k,9867,7,Y,No,15,4,80,2,19,4,4,11,2,9
RM1194,38,36-45,Female,Research & Development,Laboratory Technician,29280,No,4,4,4,Travel_Frequently,148,2,3,Medical,1,1675,42,2,1,2,Single,2440,Upto 5k,23826,1,Y,No,22,2,80,0,4,3,3,3,3,3
RM1203,38,36-45,Female,Research & Development,Laboratory Technician,39672,No,0,4,3,Travel_Rarely,1495,4,2,Medical,1,1687,87,3,1,3,Married,3306,Upto 5k,26176,7,Y,No,19,4,80,1,7,5,2,0,0,0
RM1257,38,36-45,Female,Research & Development,Laboratory Technician,29616,No,6,3,3,Travel_Frequently,594,2,2,Medical,1,1760,75,2,1,2,Married,2468,Upto 5k,15963,4,Y,No,14,2,80,1,9,4,2,1,0,5
RM1262,38,36-45,Male,Research & Development,Healthcare Representative,69732,No,1,2,3,Travel_Rarely,833,18,3,Medical,1,1766,60,1,2,4,Married,5811,5k-10k,24539,3,Y,Yes,16,3,80,1,15,2,3,0,1,0
RM1273,38,36-45,Female,Research & Development,Laboratory Technician,44424,No,5,4,3,Travel_Rarely,1153,6,2,Other,1,1782,40,2,1,3,Married,3702,Upto 5k,16376,1,Y,No,11,2,80,1,5,3,3,4,0,4
RM1290,38,36-45,Male,Human Resources,Human Resources,31104,No,11,1,3,Non-Travel,1336,2,3,Human Resources,1,1805,100,3,1,2,Divorced,2592,Upto 5k,7129,5,Y,No,13,4,80,3,13,3,3,10,3,8
RM1309,38,36-45,Female,Sales,Sales Representative,64860,No,4,2,4,Travel_Rarely,723,2,4,Marketing,1,1835,77,1,2,4,Married,5405,5k-10k,4244,2,Y,Yes,20,1,80,2,20,4,2,2,0,3
RM1374,38,36-45,Female,Research & Development,Research Scientist,25596,No,20,4,3,Travel_Frequently,1394,8,3,Medical,1,1937,58,2,2,2,Divorced,2133,Upto 5k,18115,1,Y,Yes,16,3,80,1,20,3,3,11,0,7
RM1377,38,36-45,Male,Research & Development,Research Scientist,57252,No,5,2,3,Travel_Rarely,1206,9,2,Life Sciences,1,1940,71,3,1,4,Divorced,4771,Upto 5k,14293,2,Y,No,19,4,80,2,10,0,4,2,0,3
RM1392,38,36-45,Male,Sales,Sales Representative,34296,No,1,1,3,Travel_Rarely,1404,1,3,Life Sciences,1,1961,59,2,1,1,Single,2858,Upto 5k,11473,4,Y,No,14,1,80,0,20,3,2,0,0,0
RM1401,38,36-45,Male,Human Resources,Human Resources,35892,No,6,4,3,Travel_Frequently,1444,1,4,Other,1,1972,88,3,1,2,Married,2991,Upto 5k,5224,0,Y,Yes,11,2,80,1,7,2,3,2,1,2
RM1417,38,36-45,Male,Sales,Sales Executive,53280,No,15,4,3,Travel_Rarely,1321,1,4,Life Sciences,1,1995,86,3,2,2,Married,4440,Upto 5k,7636,0,Y,No,15,1,80,2,16,3,3,13,5,8
RM1419,38,36-45,Male,Research & Development,Manufacturing Director,63852,No,8,1,3,Travel_Frequently,508,6,4,Life Sciences,1,1997,72,2,2,3,Married,5321,5k-10k,14284,2,Y,No,11,4,80,1,10,1,3,3,7,7
RM1431,38,36-45,Female,Research & Development,Research Director,158472,No,18,2,3,Travel_Rarely,201,10,3,Medical,1,2015,99,1,3,3,Married,13206,10k-15k,3376,3,Y,No,12,1,80,1,20,3,3,16,1,11
RM1452,38,36-45,Female,Sales,Sales Executive,64116,No,10,1,3,TravelRarely,345,10,2,Life Sciences,1,2041,100,3,2,4,Married,5343,5k-10k,5982,1,Y,No,11,3,80,1,10,1,3,7,1,9
RM034,39,36-45,Male,Sales,Sales Representative,25032,Yes,1,4,3,Travel_Rarely,895,5,3,Technical Degree,1,42,56,3,2,4,Married,2086,Upto 5k,3335,3,Y,No,14,3,80,1,19,6,4,0,0,0
RM138,39,36-45,Female,Sales,Sales Executive,70824,No,15,4,3,Travel_Rarely,1329,4,4,Life Sciences,1,182,47,2,2,3,Married,5902,5k-10k,14590,4,Y,No,14,3,80,1,17,1,4,11,5,9
RM241,39,36-45,Female,Research & Development,Laboratory Technician,26784,No,3,3,3,Travel_Rarely,1431,1,4,Medical,1,332,96,3,1,3,Divorced,2232,Upto 5k,15417,7,Y,No,14,3,80,3,7,1,3,2,1,2
RM252,39,36-45,Female,Research & Development,Healthcare Representative,131256,No,19,3,4,Travel_Frequently,505,2,4,Technical Degree,1,343,64,3,3,3,Single,10938,10k-15k,6420,0,Y,No,25,4,80,0,20,1,3,6,11,
RM305,39,36-45,Male,Research & Development,Healthcare Representative,115356,No,18,3,3,Travel_Rarely,1132,1,3,Medical,1,417,48,4,3,4,Divorced,9613,5k-10k,10942,0,Y,No,17,1,80,3,19,5,2,10,3,7
RM315,39,36-45,Male,Research & Development,Manager,204816,No,21,3,3,Travel_Rarely,117,10,1,Medical,1,429,99,3,4,1,Married,17068,15k+,5355,1,Y,Yes,14,4,80,0,21,3,3,9,11,10
RM327,39,36-45,Male,Research & Development,Manager,231264,No,21,3,3,Travel_Frequently,672,7,2,Medical,1,444,54,2,5,4,Married,19272,15k+,21141,1,Y,No,15,1,80,1,21,2,3,9,13,3
RM328,39,36-45,Female,Sales,Sales Executive,62856,Yes,1,4,3,Travel_Rarely,1162,3,2,Medical,1,445,41,3,2,3,Married,5238,5k-10k,17778,4,Y,Yes,18,1,80,0,12,3,2,0,0,0
RM401,39,36-45,Male,Research & Development,Manager,230364,No,21,2,3,Travel_Frequently,1218,1,1,Life Sciences,1,531,52,3,5,3,Divorced,19197,15k+,8213,1,Y,Yes,14,3,80,1,21,3,3,8,1,6
RM450,39,36-45,Female,Research & Development,Laboratory Technician,45060,No,8,3,3,Travel_Frequently,443,8,1,Life Sciences,1,602,48,3,1,3,Married,3755,Upto 5k,17872,1,Y,No,11,1,80,1,8,3,3,3,0,7
RM527,39,36-45,Female,Research & Development,Healthcare Representative,54636,No,20,4,3,Travel_Rarely,408,2,4,Technical Degree,1,721,80,2,2,3,Single,4553,Upto 5k,20978,1,Y,No,11,1,80,0,20,4,3,7,11,10
RM552,39,36-45,Female,Human Resources,Human Resources,76668,No,8,3,3,Travel_Rarely,141,3,3,Human Resources,1,760,44,4,2,2,Married,6389,5k-10k,18767,9,Y,No,15,3,80,1,12,3,1,3,3,6
RM655,39,36-45,Female,Human Resources,Human Resources,62448,No,5,4,3,Travel_Rarely,1383,2,3,Life Sciences,1,909,42,2,2,4,Married,5204,5k-10k,7790,8,Y,No,11,3,80,2,13,2,3,4,0,4
RM670,39,36-45,Male,Research & Development,Laboratory Technician,28848,Yes,2,4,4,Travel_Rarely,1122,6,3,Medical,1,932,70,3,1,1,Married,2404,Upto 5k,4303,7,Y,Yes,21,4,80,0,8,2,1,2,2,2
RM706,39,36-45,Male,Sales,Sales Executive,94560,No,8,1,3,Travel_Rarely,903,2,5,Life Sciences,1,985,41,4,3,3,Single,7880,5k-10k,2560,0,Y,No,18,4,80,0,9,3,3,7,0,7
RM739,39,36-45,Female,Research & Development,Manufacturing Director,152904,No,21,4,3,Travel_Rarely,466,1,1,Life Sciences,1,1026,65,2,4,4,Married,12742,10k-15k,7060,1,Y,No,16,3,80,1,21,3,3,6,11,8
RM754,39,36-45,Female,Research & Development,Manufacturing Director,130560,No,21,4,3,Travel_Frequently,945,22,3,Medical,1,1043,82,3,3,1,Single,10880,10k-15k,5083,1,Y,Yes,13,3,80,0,21,2,3,6,2,8
RM814,39,36-45,Male,Research & Development,Healthcare Representative,146028,Yes,18,1,3,Travel_Frequently,203,2,3,Life Sciences,1,1127,84,3,4,4,Divorced,12169,10k-15k,13547,7,Y,No,11,4,80,3,21,4,3,7,11,5
RM817,39,36-45,Male,Research & Development,Laboratory Technician,81384,No,5,3,3,Non-Travel,439,9,3,Life Sciences,1,1132,70,3,2,2,Single,6782,5k-10k,8770,9,Y,No,15,3,80,0,9,2,2,4,0,3
RM938,39,36-45,Female,Research & Development,Manager,205476,No,19,3,3,Travel_Rarely,412,13,4,Medical,1,1307,94,2,4,2,Divorced,17123,15k+,17334,6,Y,Yes,13,4,80,2,21,4,3,9,15,2
RM941,39,36-45,Male,Research & Development,Research Scientist,46848,Yes,5,3,3,Travel_Rarely,360,23,3,Medical,1,1310,93,3,1,1,Single,3904,Upto 5k,22154,0,Y,No,13,1,80,0,6,2,3,2,0,3
RM950,39,36-45,Male,Research & Development,Manufacturing Director,54408,No,8,1,3,Travel_Rarely,524,18,2,Life Sciences,1,1322,32,3,2,3,Single,4534,Upto 5k,13352,0,Y,No,11,1,80,0,9,6,3,7,1,7
RM987,39,36-45,Male,Sales,Sales Executive,73440,No,5,1,3,Travel_Rarely,1498,21,4,Life Sciences,1,1390,44,2,2,4,Married,6120,5k-10k,3567,3,Y,Yes,12,4,80,2,8,2,4,4,1,4
RM993,39,36-45,Male,Research & Development,Healthcare Representative,131040,No,6,3,4,Non-Travel,1485,25,2,Life Sciences,1,1397,71,3,3,3,Married,10920,10k-15k,3449,3,Y,No,21,2,80,1,13,2,3,4,0,5
RM1033,39,36-45,Female,Research & Development,Laboratory Technician,43752,Yes,1,1,4,Non-Travel,592,2,3,Life Sciences,1,1458,54,2,1,1,Single,3646,Upto 5k,17181,2,Y,Yes,23,2,80,0,11,2,4,0,0,0
RM1080,39,36-45,Female,Research & Development,Manufacturing Director,100512,No,2,2,3,Travel_Rarely,1089,6,3,Life Sciences,1,1525,32,3,3,2,Single,8376,5k-10k,9150,4,Y,No,18,4,80,0,9,3,3,0,2,2
RM1125,39,36-45,Male,Sales,Sales Executive,98844,No,7,4,3,Travel_Rarely,1462,6,3,Medical,1,1588,38,4,3,3,Married,8237,5k-10k,4658,2,Y,No,11,1,80,1,11,3,3,6,7,6
RM1149,39,36-45,Male,Research & Development,Manufacturing Director,64524,No,7,2,3,Travel_Rarely,1387,10,5,Medical,1,1618,76,3,2,1,Married,5377,5k-10k,3835,2,Y,No,13,4,80,3,10,3,3,7,7,7
RM1156,39,36-45,Male,Research & Development,Laboratory Technician,36828,No,10,3,3,Travel_Rarely,170,3,2,Medical,1,1627,76,2,2,3,Divorced,3069,Upto 5k,10302,0,Y,No,15,4,80,1,11,3,3,8,0,7
RM1160,39,36-45,Female,Research & Development,Manufacturing Director,60504,No,9,1,3,Travel_Frequently,711,4,3,Medical,1,1633,81,3,2,3,Single,5042,5k-10k,3140,0,Y,No,13,4,80,0,10,2,1,2,3,8
RM1176,39,36-45,Male,Research & Development,Manufacturing Director,63540,No,5,4,4,Travel_Rarely,492,12,3,Medical,1,1654,66,3,2,2,Married,5295,5k-10k,7693,4,Y,No,21,3,80,0,7,3,3,4,1,0
RM1241,39,36-45,Male,Research & Development,Laboratory Technician,77664,No,9,4,3,Non-Travel,792,1,3,Life Sciences,1,1737,77,3,2,4,Married,6472,5k-10k,8989,1,Y,Yes,15,4,80,1,9,2,3,8,5,8
RM1285,39,36-45,Male,Research & Development,Research Director,161568,No,4,3,4,Travel_Rarely,1253,10,1,Medical,1,1800,65,3,3,3,Single,13464,10k-15k,7914,7,Y,No,21,3,80,0,9,3,3,3,2,2
RM1293,39,36-45,Male,Sales,Sales Executive,49524,No,2,3,3,Travel_Frequently,766,20,3,Life Sciences,1,1812,83,3,2,4,Divorced,4127,Upto 5k,19188,2,Y,No,18,4,80,1,7,6,3,1,2,2
RM1336,39,36-45,Male,Research & Development,Research Scientist,46824,No,2,4,3,Travel_Rarely,835,19,4,Other,1,1871,41,3,2,4,Divorced,3902,Upto 5k,5141,8,Y,No,14,2,80,3,7,2,3,2,2,2
RM1367,39,36-45,Female,Sales,Sales Executive,68832,No,3,1,3,Non-Travel,1251,21,4,Life Sciences,1,1929,32,1,2,3,Married,5736,5k-10k,3987,6,Y,No,19,3,80,1,10,1,3,2,1,2
RM1373,39,36-45,Male,Research & Development,Manufacturing Director,61812,No,10,1,4,Travel_Rarely,867,9,2,Medical,1,1936,87,3,2,1,Married,5151,5k-10k,12315,1,Y,No,25,4,80,1,10,3,3,0,7,9
RM1404,39,36-45,Male,Sales,Sales Executive,160092,No,20,2,3,Travel_Rarely,119,15,4,Marketing,1,1975,77,3,4,1,Single,13341,10k-15k,25098,0,Y,No,12,1,80,0,21,3,3,8,11,10
RM1430,39,36-45,Male,Research & Development,Research Scientist,49296,No,7,1,3,Travel_Rarely,116,24,1,Life Sciences,1,2014,52,3,2,4,Single,4108,Upto 5k,5340,7,Y,No,13,1,80,0,18,2,3,7,1,7
RM1438,39,36-45,Male,Research & Development,Manager,233172,No,6,4,3,Non-Travel,105,9,3,Life Sciences,1,2022,87,3,5,4,Single,19431,15k+,15302,2,Y,No,13,3,80,0,21,3,2,0,1,3
RM1463,39,36-45,Female,Sales,Sales Executive,144372,No,20,2,3,Travel_Rarely,722,24,1,Marketing,1,2056,60,2,4,4,Married,12031,10k-15k,8828,0,Y,No,11,1,80,1,21,2,2,9,9,6
RM1467,39,36-45,Male,Research & Development,Healthcare Representative,119892,No,7,4,3,Travel_Rarely,613,6,1,Medical,1,2062,42,2,3,1,Married,9991,5k-10k,21457,4,Y,No,15,1,80,1,9,5,3,7,1,7
RM1463,39,36-45,Female,Sales,Sales Executive,144372,No,20,2,3,Travel_Rarely,722,24,1,Marketing,1,2056,60,2,4,4,Married,12031,10k-15k,8828,0,Y,No,11,1,80,1,21,2,2,9,9,6
RM1467,39,36-45,Male,Research & Development,Healthcare Representative,119892,No,7,4,3,Travel_Rarely,613,6,1,Medical,1,2062,42,2,3,1,Married,9991,5k-10k,21457,4,Y,No,15,1,80,1,9,5,3,7,1,1
RM091,40,36-45,Male,Research & Development,Healthcare Representative,162036,No,22,3,4,Travel_Frequently,530,1,4,Life Sciences,1,119,78,2,4,2,Married,13503,10k-15k,14115,1,Y,No,22,4,80,1,22,3,2,3,11,11
RM151,40,36-45,Female,Research & Development,Research Scientist,67260,No,20,2,3,Travel_Frequently,1395,26,3,Medical,1,202,54,3,2,2,Divorced,5605,5k-10k,8504,1,Y,No,11,1,80,1,20,2,3,7,2,13
RM159,40,36-45,Male,Sales,Sales Executive,130260,No,12,3,3,Travel_Rarely,630,4,4,Marketing,1,215,67,2,3,4,Married,10855,10k-15k,8552,7,Y,No,11,1,80,1,15,2,2,11,2,11
RM187,40,36-45,Female,Research & Development,Manager,228396,No,20,4,3,Travel_Rarely,989,4,1,Medical,1,253,46,3,5,3,Married,19033,15k+,6499,1,Y,No,14,2,80,1,21,2,3,8,9,9
RM204,40,36-45,Male,Research & Development,Laboratory Technician,32892,No,7,3,3,Travel_Rarely,905,19,2,Medical,1,281,99,3,2,4,Married,2741,Upto 5k,16523,8,Y,Yes,15,3,80,1,15,2,4,2,3,7
RM209,40,36-45,Male,Research & Development,Healthcare Representative,58512,No,3,4,3,Non-Travel,1151,9,5,Life Sciences,1,287,63,2,2,4,Married,4876,Upto 5k,14242,9,Y,No,14,4,80,1,5,5,1,2,0,
RM244,40,36-45,Male,Research & Development,Research Scientist,39828,No,9,1,3,Travel_Rarely,1300,24,2,Technical Degree,1,335,62,3,2,4,Divorced,3319,Upto 5k,24447,1,Y,No,17,1,80,2,9,3,3,8,4,7
RM258,40,36-45,Male,Research & Development,Research Director,233232,No,21,1,3,Travel_Rarely,1416,2,2,Medical,1,352,49,3,5,3,Divorced,19436,15k+,5949,0,Y,No,19,4,80,1,22,5,3,7,3,
RM336,40,36-45,Male,Sales,Sales Executive,89484,No,4,2,4,Travel_Rarely,1124,1,2,Medical,1,453,57,1,2,4,Married,7457,5k-10k,13273,2,Y,Yes,22,3,80,3,6,2,2,3,0,2
RM362,40,36-45,Female,Research & Development,Laboratory Technician,26556,No,7,4,3,Travel_Rarely,1171,10,4,Life Sciences,1,483,46,4,1,3,Married,2213,Upto 5k,22495,3,Y,Yes,13,3,80,1,10,3,3,7,1,
RM369,40,36-45,Male,Sales,Sales Executive,76560,Yes,6,3,3,Travel_Rarely,575,22,2,Marketing,1,492,68,2,2,3,Married,6380,5k-10k,6110,2,Y,Yes,12,1,80,2,8,6,3,4,1,0
RM388,40,36-45,Female,Sales,Sales Executive,68580,No,5,4,3,Travel_Rarely,759,2,2,Marketing,1,516,46,3,2,2,Divorced,5715,5k-10k,22553,7,Y,No,12,3,80,2,8,5,3,4,1,3
RM392,40,36-45,Female,Research & Development,Laboratory Technician,41376,No,1,2,4,Travel_Rarely,555,2,3,Medical,1,521,78,2,2,3,Married,3448,Upto 5k,13436,6,Y,No,22,2,80,1,20,3,3,0,0,0
RM418,40,36-45,Female,Sales,Manager,216492,No,20,3,3,Travel_Rarely,1398,2,4,Life Sciences,1,558,79,3,5,3,Married,18041,15k+,13022,0,Y,No,14,4,80,0,21,2,3,15,1,12
RM449,40,36-45,Female,Research & Development,Manufacturing Director,158844,No,20,2,3,Travel_Rarely,302,6,3,Life Sciences,1,601,75,3,4,3,Single,13237,10k-15k,20364,7,Y,No,15,3,80,0,22,3,3,6,5,13
RM459,40,36-45,Male,Sales,Sales Executive,131184,No,1,3,3,Non-Travel,1094,28,3,Other,1,615,58,1,3,1,Divorced,10932,10k-15k,11373,3,Y,No,15,3,80,1,20,2,3,0,0,1
RM534,40,36-45,Male,Sales,Sales Executive,125700,No,18,4,4,Travel_Frequently,580,5,4,Life Sciences,1,729,48,2,3,1,Married,10475,10k-15k,23772,5,Y,Yes,21,3,80,1,20,2,3,13,1,12
RM554,40,36-45,Female,Research & Development,Research Scientist,28104,No,4,4,4,Travel_Rarely,804,2,1,Medical,1,763,86,2,1,4,Single,2342,Upto 5k,22929,0,Y,Yes,20,4,80,0,5,2,2,2,2,3
RM583,40,36-45,Female,Research & Development,Healthcare Representative,50928,No,8,3,4,Travel_Frequently,791,2,2,Medical,1,807,38,4,2,2,Married,4244,Upto 5k,9931,1,Y,No,24,4,80,1,8,2,3,7,3,7
RM602,40,36-45,Male,Research & Development,Laboratory Technician,61128,No,1,1,3,Travel_Frequently,720,16,4,Medical,1,832,51,2,2,3,Single,5094,5k-10k,11983,6,Y,No,14,4,80,0,10,6,3,0,0,0
RM685,40,36-45,Male,Sales,Sales Executive,116460,No,1,1,3,Travel_Rarely,658,10,4,Marketing,1,954,67,2,3,2,Divorced,9705,5k-10k,20652,2,Y,No,12,2,80,1,11,2,2,0,0,0
RM692,40,36-45,Male,Research & Development,Research Scientist,43404,No,1,4,3,Travel_Frequently,1469,9,4,Medical,1,964,35,3,1,2,Divorced,3617,Upto 5k,25063,8,Y,Yes,14,4,80,1,3,2,3,1,0,0
RM707,40,36-45,Female,Sales,Sales Executive,158328,Yes,1,2,3,Non-Travel,1479,24,3,Life Sciences,1,986,100,4,4,2,Single,13194,10k-15k,17071,4,Y,Yes,16,4,80,0,22,2,2,0,0,0
RM769,40,36-45,Male,Sales,Sales Executive,100752,No,7,3,3,Travel_Rarely,300,26,3,Marketing,1,1066,74,3,2,1,Married,8396,5k-10k,22217,1,Y,No,14,2,80,1,8,3,2,7,7,5
RM786,40,36-45,Male,Research & Development,Healthcare Representative,123864,No,11,1,4,Travel_Rarely,1492,20,4,Technical Degree,1,1092,61,3,3,4,Married,10322,10k-15k,26542,4,Y,No,20,4,80,1,14,6,3,10,11,1
RM815,40,36-45,Male,Research & Development,Research Director,235512,No,20,3,3,Travel_Rarely,1308,14,3,Medical,1,1128,44,2,5,3,Single,19626,15k+,17544,1,Y,No,14,1,80,0,21,2,4,7,4,9
RM838,40,36-45,Female,Research & Development,Research Director,161988,No,18,2,3,Travel_Frequently,593,9,4,Medical,1,1166,88,3,3,3,Single,13499,10k-15k,13782,9,Y,No,17,3,80,0,20,3,2,7,2,13
RM846,40,36-45,Female,Research & Development,Research Scientist,53064,No,1,3,3,Travel_Frequently,902,26,2,Medical,1,1180,92,2,2,4,Married,4422,Upto 5k,21203,3,Y,Yes,13,4,80,1,16,3,1,1,0,0
RM867,40,36-45,Male,Sales,Sales Executive,51924,No,0,2,3,Travel_Frequently,1184,2,4,Medical,1,1212,62,3,2,2,Married,4327,Upto 5k,25440,5,Y,No,12,4,80,3,5,2,3,0,0,0
RM885,40,36-45,Female,Sales,Sales Executive,82224,No,5,2,3,Travel_Rarely,107,10,3,Technical Degree,1,1239,84,2,2,2,Divorced,6852,5k-10k,11591,7,Y,No,12,2,80,1,7,2,4,1,1,3
RM947,40,36-45,Male,Sales,Sales Executive,109128,Yes,5,4,3,Travel_Rarely,299,25,4,Marketing,1,1318,57,2,3,2,Single,9094,5k-10k,17235,2,Y,Yes,12,3,80,0,9,2,3,4,1,0
RM958,40,36-45,Male,Research & Development,Research Scientist,42528,No,4,3,3,Non-Travel,458,16,2,Life Sciences,1,1340,74,3,1,3,Divorced,3544,Upto 5k,8532,9,Y,No,16,2,80,1,6,0,3,2,0,0
RM960,40,36-45,Male,Research & Development,Research Scientist,55932,No,9,3,3,Travel_Rarely,523,2,3,Life Sciences,1,1346,98,3,2,4,Single,4661,Upto 5k,22455,1,Y,No,13,3,80,0,9,4,3,8,8,8
RM968,40,36-45,Male,Research & Development,Laboratory Technician,28644,No,4,2,4,Travel_Rarely,329,1,4,Life Sciences,1,1361,88,3,1,2,Married,2387,Upto 5k,6762,3,Y,No,22,3,80,1,7,3,3,2,0,3
RM979,40,36-45,Female,Research & Development,Healthcare Representative,76524,No,12,2,4,Travel_Rarely,1202,2,1,Medical,1,1375,89,4,2,3,Divorced,6377,5k-10k,13888,5,Y,No,20,2,80,3,15,0,3,11,11,8
RM1030,40,36-45,Male,Research & Development,Laboratory Technician,47700,No,8,3,3,Non-Travel,663,9,4,Other,1,1449,81,3,2,3,Divorced,3975,Upto 5k,23099,3,Y,No,11,3,80,2,11,2,4,7,0,7
RM1041,40,36-45,Male,Research & Development,Research Director,165084,No,9,4,3,Non-Travel,218,8,1,Medical,1,1468,55,2,3,2,Divorced,13757,10k-15k,25178,2,Y,No,11,3,80,1,16,5,3,8,4,8
RM1046,40,36-45,Male,Research & Development,Research Scientist,28140,No,3,3,3,Travel_Rarely,896,2,3,Medical,1,1474,68,3,1,3,Divorced,2345,Upto 5k,8045,2,Y,No,14,3,80,1,8,3,4,1,1,2
RM1084,40,36-45,Male,Research & Development,Laboratory Technician,24216,Yes,5,4,3,Travel_Rarely,676,9,4,Life Sciences,1,1534,86,3,1,1,Single,2018,Upto 5k,21831,3,Y,No,14,2,80,0,15,3,1,4,1,0
RM1095,40,36-45,Male,Sales,Sales Executive,65676,No,8,1,3,Travel_Rarely,1342,9,2,Medical,1,1548,47,3,2,1,Married,5473,5k-10k,19345,0,Y,No,12,4,80,0,9,5,4,4,7,1
RM1097,40,36-45,Male,Human Resources,Manager,197244,No,21,3,4,Travel_Rarely,898,6,2,Medical,1,1550,38,3,4,4,Single,16437,15k+,17381,1,Y,Yes,21,4,80,0,21,2,3,7,7,7
RM1099,40,36-45,Male,Research & Development,Healthcare Representative,48828,No,2,4,3,Non-Travel,1142,8,2,Life Sciences,1,1552,72,3,2,4,Divorced,4069,Upto 5k,8841,3,Y,Yes,18,3,80,0,8,2,3,2,2,2
RM1133,40,36-45,Female,Sales,Sales Executive,55668,No,5,4,3,Travel_Rarely,118,14,2,Life Sciences,1,1598,84,3,2,1,Married,4639,Upto 5k,11262,1,Y,No,15,3,80,1,5,2,3,4,1,2
RM1157,40,36-45,Female,Research & Development,Manufacturing Director,125220,No,18,1,3,Travel_Rarely,884,15,3,Life Sciences,1,1628,80,2,3,3,Married,10435,10k-15k,25800,1,Y,No,13,4,80,2,18,2,3,15,14,12
RM1165,40,36-45,Female,Research & Development,Manufacturing Director,95340,No,4,3,3,Travel_Rarely,448,16,3,Life Sciences,1,1641,84,3,3,4,Single,7945,5k-10k,19948,6,Y,Yes,15,4,80,0,18,2,2,2,3,3
RM1172,40,36-45,Male,Research & Development,Laboratory Technician,25992,Yes,4,1,3,Travel_Rarely,1329,7,3,Life Sciences,1,1649,73,3,1,1,Single,2166,Upto 5k,3339,3,Y,Yes,14,2,80,0,10,3,1,2,0,3
RM1230,40,36-45,Female,Research & Development,Manufacturing Director,78192,No,1,2,3,Travel_Rarely,369,8,2,Life Sciences,1,1724,92,3,2,1,Married,6516,5k-10k,5041,2,Y,Yes,16,2,80,1,18,3,3,0,0,0
RM1243,40,36-45,Male,Sales,Manager,237996,No,21,2,3,Travel_Rarely,611,7,4,Medical,1,1740,88,3,5,2,Single,19833,15k+,4349,1,Y,No,14,2,80,0,21,3,2,8,12,8
RM1287,40,36-45,Female,Research & Development,Laboratory Technician,40524,No,4,3,3,Travel_Rarely,616,2,2,Life Sciences,1,1802,99,3,1,1,Married,3377,Upto 5k,25605,4,Y,No,17,4,80,1,7,5,2,3,0,2
RM1300,40,36-45,Female,Research & Development,Healthcare Representative,78156,No,5,3,3,Travel_Rarely,1194,1,3,Life Sciences,1,1822,52,3,2,4,Divorced,6513,5k-10k,9060,4,Y,No,17,4,80,1,12,3,3,3,0,3
RM1305,40,36-45,Female,Research & Development,Healthcare Representative,53376,No,7,2,3,Travel_Rarely,750,12,3,Life Sciences,1,1829,47,3,2,1,Divorced,4448,Upto 5k,10748,2,Y,No,12,2,80,1,15,3,3,4,7,7
RM1349,40,36-45,Male,Research & Development,Manager,201876,No,19,1,3,Travel_Rarely,1137,1,4,Life Sciences,1,1892,98,3,4,1,Divorced,16823,15k+,18991,2,Y,No,11,1,80,1,22,3,3,7,11,16
RM1410,40,36-45,Female,Research & Development,Laboratory Technician,75876,No,10,4,3,Travel_Frequently,692,11,3,Technical Degree,1,1985,73,3,2,3,Married,6323,5k-10k,26849,1,Y,No,11,1,80,1,10,2,4,9,9,4
RM1411,40,36-45,Female,Sales,Sales Executive,68124,No,11,2,3,Travel_Rarely,444,2,2,Marketing,1,1986,92,3,2,2,Married,5677,5k-10k,4258,3,Y,No,14,3,80,1,15,4,3,8,5,10
RM1428,40,36-45,Male,Research & Development,Laboratory Technician,28872,No,1,1,3,Travel_Rarely,543,1,4,Life Sciences,1,2012,83,3,1,4,Married,2406,Upto 5k,4060,8,Y,No,19,3,80,2,8,3,2,0,0,0
RM1456,40,36-45,Male,Research & Development,Research Scientist,33708,No,2,3,3,Travel_Rarely,1322,2,4,Life Sciences,1,2048,52,2,1,3,Single,2809,Upto 5k,2725,2,Y,No,14,4,80,0,8,2,3,2,2,2
RM1458,40,36-45,Female,Research & Development,Research Scientist,24012,No,5,3,3,Travel_Rarely,1194,2,4,Medical,1,2051,98,3,1,3,Married,2001,Upto 5k,12549,2,Y,No,14,2,80,3,20,2,3,3,0,2
RM001,41,36-45,Female,Sales,Sales Executive,71916,Yes,6,2,3,Travel_Rarely,1102,1,2,Life Sciences,1,1,94,3,2,4,Single,5993,5k-10k,19479,8,Y,Yes,11,1,80,0,8,0,1,4,0,5
RM046,41,36-45,Female,Research & Development,Research Director,234540,Yes,22,2,3,Travel_Rarely,1360,12,3,Technical Degree,1,58,49,3,5,3,Married,19545,15k+,16280,1,Y,No,12,4,80,0,23,0,3,15,15,8
RM134,41,36-45,Male,Sales,Sales Executive,98268,No,9,3,3,Travel_Rarely,802,9,1,Life Sciences,1,176,96,3,3,3,Divorced,8189,5k-10k,21196,3,Y,Yes,13,3,80,1,12,2,3,7,0,7
RM148,41,36-45,Male,Research & Development,Manager,206172,No,7,4,3,Travel_Frequently,857,10,3,Life Sciences,1,199,91,2,4,1,Divorced,17181,15k+,12888,4,Y,No,13,2,80,1,21,2,2,6,7,7
RM149,41,36-45,Male,Research & Development,Laboratory Technician,26856,No,5,3,4,Travel_Rarely,933,9,4,Life Sciences,1,200,94,3,1,1,Married,2238,Upto 5k,6961,2,Y,No,21,4,80,1,7,2,3,0,1,4
RM167,41,36-45,Male,Research & Development,Research Scientist,29412,No,9,1,3,Travel_Rarely,465,14,3,Life Sciences,1,227,56,3,1,3,Divorced,2451,Upto 5k,4609,4,Y,No,12,1,80,1,13,2,3,8,1,8
RM183,41,36-45,Female,Sales,Sales Representative,37680,Yes,4,2,4,Travel_Rarely,1356,20,2,Marketing,1,248,70,3,1,2,Single,3140,Upto 5k,21728,1,Y,Yes,22,4,80,0,4,5,2,3,0,2
RM216,41,36-45,Female,Sales,Manager,163092,No,1,4,3,Travel_Rarely,896,6,3,Life Sciences,1,298,75,3,3,4,Single,13591,10k-15k,14674,3,Y,Yes,18,3,80,0,16,3,3,0,0,0
RM243,41,36-45,Male,Research & Development,Research Scientist,36864,No,1,3,3,Travel_Rarely,1411,19,2,Life Sciences,1,334,36,3,2,1,Divorced,3072,Upto 5k,19877,2,Y,No,16,1,80,2,17,2,2,0,0,0
RM301,41,36-45,Male,Sales,Manager,192180,No,22,4,3,Travel_Rarely,334,2,4,Life Sciences,1,410,88,3,4,2,Single,16015,15k+,15896,1,Y,No,19,2,80,0,22,2,3,10,0,4
RM347,41,36-45,Male,Research & Development,Manufacturing Director,72384,No,5,4,3,Travel_Rarely,483,6,3,Medical,1,466,95,2,2,2,Single,6032,5k-10k,10110,6,Y,Yes,15,4,80,0,8,3,3,4,1,2
RM367,41,36-45,Male,Sales,Sales Executive,112260,Yes,8,1,3,Travel_Frequently,143,4,3,Marketing,1,488,56,3,2,2,Single,9355,5k-10k,9558,1,Y,No,18,3,80,0,8,5,3,7,7,7
RM404,41,36-45,Male,Sales,Sales Executive,100704,No,10,2,3,Travel_Rarely,645,1,3,Marketing,1,534,49,4,3,1,Married,8392,5k-10k,19566,1,Y,No,16,3,80,1,10,2,3,7,0,
RM447,41,36-45,Male,Sales,Sales Executive,74760,No,14,4,3,Non-Travel,267,10,2,Life Sciences,1,599,56,3,2,4,Single,6230,5k-10k,13430,7,Y,No,14,4,80,0,16,3,3,3,1,10
RM460,41,36-45,Female,Research & Development,Healthcare Representative,81732,No,8,1,3,Non-Travel,509,2,4,Other,1,616,62,2,2,3,Single,6811,5k-10k,2112,2,Y,Yes,17,1,80,0,10,3,3,7,0,7
RM467,41,36-45,Female,Sales,Manager,199140,No,18,2,3,Travel_Rarely,1276,2,5,Life Sciences,1,625,91,3,4,1,Married,16595,15k+,5626,7,Y,No,16,2,80,1,22,2,3,16,11,8
RM536,41,36-45,Male,Human Resources,Manager,229692,No,21,2,3,Travel_Rarely,427,10,4,Human Resources,1,731,73,2,5,4,Divorced,19141,15k+,8861,3,Y,No,15,2,80,3,23,2,2,6,12,6
RM539,41,36-45,Male,Human Resources,Manager,230268,No,22,4,3,Travel_Rarely,314,1,3,Human Resources,1,734,59,2,5,3,Married,19189,15k+,19562,1,Y,No,12,2,80,1,22,3,3,7,2,10
RM668,41,36-45,Female,Research & Development,Laboratory Technician,33336,Yes,7,2,3,Travel_Rarely,1085,2,4,Life Sciences,1,927,57,1,1,4,Divorced,2778,Upto 5k,17725,4,Y,Yes,13,3,80,1,10,1,2,7,1,0
RM687,41,36-45,Male,Research & Development,Laboratory Technician,56652,No,18,4,3,Travel_Rarely,263,6,3,Medical,1,957,59,3,1,1,Single,4721,Upto 5k,3119,2,Y,Yes,13,3,80,0,20,3,3,13,2,17
RM717,41,36-45,Male,Research & Development,Research Director,233028,No,18,1,3,Travel_Frequently,840,9,3,Medical,1,999,64,3,5,3,Divorced,19419,15k+,3735,2,Y,No,17,2,80,1,21,2,4,16,0,11
RM738,41,36-45,Female,Research & Development,Manufacturing Director,60036,No,2,4,3,Travel_Rarely,549,7,2,Medical,1,1025,42,3,2,3,Single,5003,5k-10k,23371,6,Y,No,14,2,80,0,8,6,3,2,2,1
RM747,41,36-45,Female,Research & Development,Research Director,239676,No,21,2,4,Non-Travel,247,7,1,Life Sciences,1,1035,55,1,5,3,Divorced,19973,15k+,20284,1,Y,No,22,2,80,2,21,3,3,16,5,10
RM784,41,36-45,Female,Research & Development,Research Scientist,40512,No,10,2,3,Travel_Rarely,509,7,2,Technical Degree,1,1085,43,4,1,3,Married,3376,Upto 5k,18863,1,Y,No,13,3,80,0,10,3,3,6,0,8
RM831,41,36-45,Male,Research & Development,Laboratory Technician,57192,No,1,2,3,Travel_Rarely,167,12,4,Life Sciences,1,1158,46,3,1,4,Married,4766,Upto 5k,9051,3,Y,Yes,11,1,80,1,6,4,3,0,0,0
RM865,41,36-45,Male,Research & Development,Research Scientist,25284,Yes,1,1,3,Non-Travel,906,5,2,Life Sciences,1,1210,95,2,1,1,Divorced,2107,Upto 5k,20293,6,Y,No,17,1,80,1,5,2,1,0,0,0
RM952,41,36-45,Male,Sales,Sales Executive,73812,No,19,3,3,Non-Travel,256,10,2,Medical,1,1329,40,1,2,2,Single,6151,5k-10k,22074,1,Y,No,13,1,80,0,19,4,3,2,11,9
RM961,41,36-45,Female,Sales,Sales Executive,49236,No,9,3,3,Travel_Frequently,1018,1,3,Marketing,1,1349,66,3,2,1,Divorced,4103,Upto 5k,4297,0,Y,No,17,4,80,1,10,2,3,3,1,7
RM989,41,36-45,Female,Research & Development,Research Scientist,65604,No,6,4,3,Travel_Frequently,1200,22,3,Life Sciences,1,1392,75,3,2,4,Divorced,5467,5k-10k,13953,3,Y,Yes,14,1,80,2,12,4,2,2,3,3
RM1029,41,36-45,Male,Research & Development,Research Scientist,25524,No,4,2,3,Travel_Rarely,1283,5,5,Medical,1,1448,90,4,1,3,Married,2127,Upto 5k,5561,2,Y,Yes,12,1,80,0,7,5,2,2,0,3
RM1197,41,36-45,Male,Sales,Sales Executive,84984,No,2,4,3,Travel_Rarely,1206,23,2,Life Sciences,1,1678,80,3,3,3,Single,7082,5k-10k,11591,3,Y,Yes,16,4,80,0,21,2,3,0,0,2
RM1219,41,36-45,Male,Sales,Sales Executive,110892,No,10,4,3,Travel_Rarely,918,6,3,Marketing,1,1708,35,3,3,3,Single,9241,5k-10k,15869,1,Y,No,12,2,80,0,10,3,3,8,8,7
RM1229,41,36-45,Male,Human Resources,Human Resources,77160,No,3,3,3,Non-Travel,552,4,3,Human Resources,1,1722,60,1,2,2,Married,6430,5k-10k,20794,6,Y,No,19,2,80,1,10,4,3,2,1,2
RM1267,41,36-45,Male,Research & Development,Laboratory Technician,27468,No,5,3,4,Travel_Rarely,548,9,4,Life Sciences,1,1772,94,3,1,1,Divorced,2289,Upto 5k,20520,1,Y,No,20,2,80,2,5,2,3,3,0,4
RM1295,41,36-45,Male,Research & Development,Healthcare Representative,82440,No,3,2,3,Travel_Rarely,447,5,3,Life Sciences,1,1814,85,4,2,2,Single,6870,5k-10k,15530,3,Y,No,12,1,80,0,11,3,1,2,1,2
RM1296,41,36-45,Female,Sales,Sales Executive,125364,No,22,3,3,Travel_Rarely,796,4,1,Marketing,1,1815,81,3,3,3,Divorced,10447,10k-15k,26458,0,Y,Yes,13,4,80,1,23,3,4,14,13,5
RM1357,41,36-45,Female,Sales,Sales Executive,52716,No,5,3,4,Travel_Rarely,337,8,3,Marketing,1,1909,54,3,2,2,Married,4393,Upto 5k,26841,5,Y,No,21,3,80,1,14,3,3,4,1,4
RM1421,41,36-45,Male,Research & Development,Research Scientist,33384,No,5,4,4,Travel_Rarely,642,1,3,Life Sciences,1,1999,76,3,1,4,Married,2782,Upto 5k,21412,3,Y,No,22,1,80,1,12,3,3,3,1,0
RM1446,41,36-45,Female,Research & Development,Manufacturing Director,162840,No,20,1,4,Travel_Rarely,582,28,4,Life Sciences,1,2034,60,2,4,2,Married,13570,10k-15k,5640,0,Y,No,23,3,80,1,21,3,3,7,0,10
RM1449,41,36-45,Male,Sales,Sales Executive,107256,No,5,3,3,Travel_Rarely,930,3,3,Life Sciences,1,2037,57,2,2,2,Divorced,8938,5k-10k,12227,2,Y,No,11,3,80,1,14,5,3,4,0,4
RM028,42,36-45,Male,Sales,Sales Executive,81900,No,9,3,3,Travel_Rarely,691,8,4,Marketing,1,35,48,3,2,2,Married,6825,5k-10k,21173,0,Y,No,11,4,80,1,10,2,3,7,4,
RM198,42,36-45,Female,Research & Development,Manufacturing Director,63180,No,5,3,3,Non-Travel,926,21,2,Medical,1,270,36,3,2,3,Divorced,5265,5k-10k,16439,2,Y,No,16,2,80,1,11,5,3,3,0,2
RM232,42,36-45,Male,Research & Development,Manager,230784,No,22,3,3,Travel_Rarely,532,4,2,Technical Degree,1,319,58,3,5,4,Married,19232,15k+,4933,1,Y,No,11,4,80,0,22,3,3,17,11,15
RM254,42,36-45,Female,Research & Development,Research Scientist,78540,No,3,4,3,Travel_Rarely,916,17,2,Life Sciences,1,347,82,4,2,1,Single,6545,5k-10k,23016,3,Y,Yes,13,3,80,0,10,1,3,2,0,
RM257,42,36-45,Female,Research & Development,Laboratory Technician,31116,No,9,4,3,Travel_Rarely,269,2,3,Medical,1,351,56,2,1,1,Divorced,2593,Upto 5k,8007,0,Y,Yes,11,3,80,1,10,4,3,6,7,
RM282,42,36-45,Male,Sales,Sales Executive,58884,No,20,2,4,Travel_Rarely,635,1,1,Life Sciences,1,387,99,3,2,3,Married,4907,Upto 5k,24532,1,Y,No,25,3,80,0,20,3,3,16,11,6
RM296,42,36-45,Female,Sales,Sales Executive,162300,No,20,3,3,Travel_Frequently,555,26,3,Marketing,1,404,77,3,4,2,Married,13525,10k-15k,14864,5,Y,No,14,4,80,1,23,2,4,4,4,8
RM349,42,36-45,Female,Research & Development,Research Director,191904,No,1,1,3,Travel_Rarely,810,23,5,Life Sciences,1,468,44,3,4,4,Single,15992,15k+,15901,2,Y,No,14,2,80,0,16,2,3,0,0,0
RM351,42,36-45,Male,Human Resources,Human Resources,32352,No,3,3,3,Travel_Rarely,544,2,1,Technical Degree,1,470,52,3,1,3,Divorced,2696,Upto 5k,24017,0,Y,Yes,11,3,80,1,4,5,3,2,1,0
RM357,42,36-45,Male,Research & Development,Healthcare Representative,81372,No,1,1,4,Travel_Rarely,1332,2,4,Other,1,477,98,2,2,4,Single,6781,5k-10k,17078,3,Y,No,23,2,80,0,14,6,3,0,0,0
RM389,42,36-45,Female,Research & Development,Laboratory Technician,30912,No,5,2,3,Travel_Rarely,201,1,4,Life Sciences,1,517,95,3,1,1,Divorced,2576,Upto 5k,20490,3,Y,No,16,2,80,1,8,5,3,2,1,2
RM410,42,36-45,Female,Research & Development,Research Scientist,54672,No,5,1,3,Travel_Frequently,532,29,2,Life Sciences,1,547,92,3,2,3,Divorced,4556,Upto 5k,12932,2,Y,No,11,2,80,1,19,3,3,4,0,2
RM414,42,36-45,Female,Research & Development,Healthcare Representative,54276,No,6,4,3,Travel_Frequently,1368,28,4,Technical Degree,1,551,88,2,2,4,Married,4523,Upto 5k,4386,0,Y,No,11,4,80,3,7,4,4,5,0,4
RM442,42,36-45,Male,Research & Development,Laboratory Technician,25116,No,2,2,3,Travel_Frequently,1474,5,2,Other,1,591,97,3,1,3,Married,2093,Upto 5k,9260,4,Y,No,17,4,80,1,8,4,3,2,2,0
RM452,42,36-45,Male,Research & Development,Manufacturing Director,88872,No,10,4,4,Travel_Rarely,319,24,3,Medical,1,605,56,3,3,1,Married,7406,5k-10k,6950,1,Y,Yes,21,4,80,1,10,5,2,9,5,8
RM489,42,36-45,Female,Research & Development,Healthcare Representative,49068,No,10,3,3,Travel_Rarely,622,2,4,Life Sciences,1,659,81,3,2,4,Married,4089,Upto 5k,5718,1,Y,No,13,2,80,2,10,4,3,2,2,2
RM548,42,36-45,Male,Research & Development,Research Scientist,33108,Yes,2,3,3,Travel_Frequently,933,19,3,Medical,1,752,57,4,1,3,Divorced,2759,Upto 5k,20366,6,Y,Yes,12,4,80,0,7,2,3,2,2,2
RM585,42,36-45,Male,Research & Development,Manager,221160,No,24,2,3,Travel_Frequently,570,8,3,Life Sciences,1,809,66,3,5,4,Divorced,18430,15k+,16225,1,Y,No,13,2,80,1,24,4,2,7,14,9
RM598,42,36-45,Female,Research & Development,Manufacturing Director,72744,No,4,4,3,Travel_Rarely,932,1,2,Life Sciences,1,827,43,2,2,4,Married,6062,5k-10k,4051,9,Y,Yes,13,4,80,1,8,4,3,3,0,2
RM605,42,36-45,Male,Research & Development,Manufacturing Director,53208,No,9,2,3,Travel_Rarely,933,29,3,Life Sciences,1,836,98,3,2,2,Married,4434,Upto 5k,11806,1,Y,No,13,4,80,1,10,3,2,8,7,8
RM633,42,36-45,Male,Research & Development,Research Scientist,30180,No,2,2,3,Travel_Frequently,1271,2,1,Medical,1,875,35,3,1,4,Single,2515,Upto 5k,9068,5,Y,Yes,14,4,80,0,8,2,3,1,2,2
RM644,42,36-45,Female,Research & Development,Laboratory Technician,62772,No,5,3,3,Travel_Rarely,1265,3,3,Life Sciences,1,894,95,4,2,4,Married,5231,5k-10k,23726,2,Y,Yes,13,2,80,1,17,1,2,3,1,3
RM673,42,36-45,Female,Sales,Sales Executive,74928,No,5,3,3,Travel_Rarely,462,14,2,Medical,1,936,68,2,2,3,Single,6244,5k-10k,7824,7,Y,No,17,1,80,0,10,6,3,4,0,3
RM742,42,36-45,Male,Sales,Manager,219636,No,1,4,3,Travel_Rarely,265,5,2,Marketing,1,1029,90,3,5,3,Married,18303,15k+,7770,6,Y,No,13,2,80,0,21,3,4,0,0,0
RM800,42,36-45,Male,Research & Development,Manager,211980,No,22,4,3,Travel_Rarely,469,2,2,Medical,1,1109,35,3,4,1,Married,17665,15k+,14399,0,Y,No,17,4,80,1,23,3,3,6,13,7
RM825,42,36-45,Male,Research & Development,Laboratory Technician,51264,No,1,2,3,Travel_Rarely,188,29,3,Medical,1,1148,56,1,2,4,Single,4272,Upto 5k,9558,4,Y,No,19,1,80,0,16,3,3,0,0,0
RM839,42,36-45,Male,Sales,Sales Executive,165096,Yes,21,3,3,Travel_Frequently,481,12,3,Life Sciences,1,1167,44,3,4,1,Single,13758,10k-15k,2447,0,Y,Yes,12,2,80,0,22,2,2,9,13,14
RM840,42,36-45,Male,Sales,Sales Executive,61860,No,6,2,3,Travel_Rarely,647,4,4,Marketing,1,1171,45,3,2,1,Single,5155,5k-10k,2253,7,Y,No,13,4,80,0,9,3,4,4,1,5
RM879,42,36-45,Male,Human Resources,Human Resources,75264,No,4,4,3,Non-Travel,179,2,5,Medical,1,1231,79,4,2,1,Married,6272,5k-10k,12858,7,Y,No,16,1,80,1,10,3,4,3,0,3
RM888,42,36-45,Female,Research & Development,Research Director,158292,No,1,1,3,Travel_Frequently,458,26,5,Medical,1,1242,60,3,3,1,Married,13191,10k-15k,23281,3,Y,Yes,17,3,80,0,20,6,3,0,0,0
RM926,42,36-45,Female,Research & Development,Research Scientist,28464,No,1,2,3,Travel_Rarely,603,7,4,Medical,1,1292,78,4,2,2,Married,2372,Upto 5k,5628,6,Y,Yes,16,4,80,0,18,2,3,0,0,0
RM955,42,36-45,Male,Research & Development,Manager,214332,No,20,3,3,Non-Travel,495,2,1,Life Sciences,1,1334,37,3,4,3,Married,17861,15k+,26582,0,Y,Yes,13,4,80,0,21,3,2,8,2,10
RM1000,42,36-45,Female,Human Resources,Manager,201588,No,20,3,3,Travel_Rarely,1147,10,3,Human Resources,1,1408,31,3,4,1,Married,16799,15k+,16616,0,Y,No,14,3,80,1,21,5,3,7,0,9
RM1051,42,36-45,Female,Research & Development,Laboratory Technician,44076,No,12,1,3,Travel_Frequently,748,9,2,Medical,1,1480,74,3,1,4,Single,3673,Upto 5k,16458,1,Y,No,13,3,80,0,12,3,3,9,5,8
RM1089,42,36-45,Male,Research & Development,Laboratory Technician,58092,No,1,3,3,Travel_Rarely,1210,2,3,Medical,1,1542,68,2,1,2,Married,4841,Upto 5k,24052,4,Y,No,14,2,80,1,4,3,3,0,0,0
RM1094,42,36-45,Male,Research & Development,Healthcare Representative,121488,No,20,4,3,Travel_Frequently,288,2,3,Life Sciences,1,1547,40,3,3,4,Married,10124,10k-15k,18611,2,Y,Yes,14,3,80,1,24,3,1,8,13,9
RM1130,42,36-45,Male,Research & Development,Manager,235356,No,1,4,4,Travel_Rarely,1059,9,2,Other,1,1595,93,2,5,4,Single,19613,15k+,26362,8,Y,No,22,4,80,0,24,2,3,0,0,1
RM1264,42,36-45,Male,Research & Development,Laboratory Technician,33192,No,5,2,4,Travel_Rarely,855,12,3,Medical,1,1768,57,3,1,2,Divorced,2766,Upto 5k,8952,8,Y,No,22,2,80,3,7,6,2,3,0,4
RM1288,42,36-45,Male,Research & Development,Healthcare Representative,66456,No,0,2,3,Travel_Rarely,1128,13,3,Medical,1,1803,95,4,2,1,Married,5538,5k-10k,5696,5,Y,No,18,3,80,2,10,2,2,0,0,0
RM1321,42,36-45,Male,Research & Development,Research Scientist,35232,No,6,3,4,Non-Travel,355,10,4,Technical Degree,1,1854,38,3,1,3,Married,2936,Upto 5k,6161,3,Y,No,22,2,80,2,10,1,2,3,3,3
RM1326,42,36-45,Male,Research & Development,Laboratory Technician,47616,No,0,4,3,Travel_Rarely,1142,8,3,Life Sciences,1,1860,81,3,1,3,Single,3968,Upto 5k,13624,4,Y,No,13,4,80,0,8,3,3,0,0,0
RM1358,42,36-45,Male,Research & Development,Research Director,160176,No,13,3,3,Travel_Rarely,1396,6,3,Medical,1,1911,83,3,3,1,Married,13348,10k-15k,14842,9,Y,No,13,2,80,1,18,3,4,7,5,7
RM1379,42,36-45,Male,Sales,Sales Executive,61044,No,0,2,3,Travel_Rarely,419,12,4,Marketing,1,1943,77,3,2,4,Divorced,5087,5k-10k,2900,3,Y,Yes,12,3,80,2,14,4,3,0,0,0
RM1405,42,36-45,Male,Research & Development,Research Scientist,51984,No,20,4,3,Non-Travel,335,23,2,Life Sciences,1,1976,37,2,2,3,Single,4332,Upto 5k,14811,1,Y,No,12,4,80,0,20,2,3,9,3,7
RM1420,42,36-45,Male,Research & Development,Research Scientist,64920,No,4,4,3,Travel_Rarely,557,18,4,Life Sciences,1,1998,35,3,2,1,Divorced,5410,5k-10k,11189,6,Y,Yes,17,3,80,1,9,3,2,3,1,2
RM1444,42,36-45,Male,Research & Development,Manager,226560,No,22,1,3,Travel_Rarely,300,2,3,Life Sciences,1,2031,56,3,5,3,Married,18880,15k+,17312,5,Y,No,11,1,80,0,24,2,2,6,4,14
RM036,43,36-45,Female,Research & Development,Research Scientist,31740,No,5,4,3,Travel_Rarely,1273,2,2,Medical,1,46,72,4,1,3,Divorced,2645,Upto 5k,21923,1,Y,No,12,4,80,2,6,3,2,3,1,4
RM120,43,36-45,Male,Sales,Manager,203508,No,25,3,3,Travel_Frequently,394,26,2,Life Sciences,1,158,92,3,4,4,Married,16959,15k+,19494,1,Y,Yes,12,4,80,2,25,3,4,12,4,12
RM131,43,36-45,Female,Research & Development,Research Scientist,56868,No,3,2,3,Travel_Frequently,957,28,3,Medical,1,171,72,4,1,3,Single,4739,Upto 5k,16090,4,Y,No,12,4,80,0,18,2,3,2,1,2
RM194,43,36-45,Male,Research & Development,Research Scientist,25068,No,5,4,3,Non-Travel,1344,7,3,Medical,1,262,37,4,1,4,Divorced,2089,Upto 5k,5228,4,Y,No,14,4,80,3,7,3,4,4,2,2
RM236,43,36-45,Female,Sales,Manager,192768,No,17,4,4,Travel_Rarely,1034,16,3,Marketing,1,327,80,3,4,4,Married,16064,15k+,7744,5,Y,Yes,22,3,80,1,22,3,3,13,1,9
RM316,43,36-45,Female,Research & Development,Laboratory Technician,29460,No,8,3,3,Travel_Frequently,185,10,4,Life Sciences,1,430,33,3,1,4,Single,2455,Upto 5k,10675,0,Y,No,19,1,80,0,9,5,3,7,1,7
RM331,43,36-45,Female,Research & Development,Laboratory Technician,63084,No,9,3,3,Travel_Frequently,559,10,4,Life Sciences,1,448,82,2,2,3,Divorced,5257,5k-10k,6227,1,Y,No,11,2,80,1,9,3,4,7,0,0
RM334,43,36-45,Female,Research & Development,Healthcare Representative,119820,No,1,3,3,Travel_Rarely,1001,7,3,Life Sciences,1,451,43,3,3,1,Married,9985,5k-10k,9262,8,Y,No,16,1,80,1,10,1,2,0,0,0
RM391,43,36-45,Male,Research & Development,Research Director,172032,No,25,1,3,Travel_Rarely,982,12,3,Life Sciences,1,520,59,2,4,2,Divorced,14336,10k-15k,4345,1,Y,No,11,3,80,1,25,3,3,10,3,9
RM396,43,36-45,Male,Research & Development,Laboratory Technician,27096,No,3,4,4,Travel_Frequently,313,21,3,Medical,1,525,61,3,1,4,Married,2258,Upto 5k,15238,7,Y,No,20,1,80,1,8,1,3,2,1,2
RM397,43,36-45,Female,Research & Development,Healthcare Representative,54264,No,5,3,3,Travel_Rarely,1473,8,4,Other,1,526,74,3,2,3,Divorced,4522,Upto 5k,2227,4,Y,Yes,14,4,80,0,8,3,3,2,0,2
RM490,43,36-45,Male,Research & Development,Research Director,199524,No,1,2,3,Travel_Rarely,782,6,4,Other,1,661,50,2,4,4,Divorced,16627,15k+,2671,4,Y,Yes,14,3,80,1,21,3,2,0,0,0
RM492,43,36-45,Male,Research & Development,Laboratory Technician,68148,No,8,4,3,Travel_Frequently,1001,9,5,Medical,1,663,72,3,2,3,Divorced,5679,5k-10k,19627,3,Y,Yes,13,2,80,1,10,3,3,7,4,7
RM549,43,36-45,Male,Sales,Sales Executive,81648,No,2,4,3,Travel_Frequently,775,15,3,Life Sciences,1,754,47,2,2,4,Married,6804,5k-10k,23683,3,Y,No,18,3,80,1,7,5,3,2,2,2
RM610,43,36-45,Male,Research & Development,Research Director,205908,No,4,2,4,Travel_Rarely,589,14,2,Life Sciences,1,843,94,3,4,1,Married,17159,15k+,5200,6,Y,No,24,3,80,1,22,3,3,1,1,0
RM651,43,36-45,Female,Research & Development,Healthcare Representative,66744,No,5,4,3,Travel_Frequently,422,1,3,Life Sciences,1,902,33,3,2,4,Married,5562,5k-10k,21782,4,Y,No,13,2,80,1,12,2,2,2,2,2
RM662,43,36-45,Female,Research & Development,Manufacturing Director,57180,No,1,1,4,Travel_Rarely,177,8,3,Life Sciences,1,920,55,3,2,2,Divorced,4765,Upto 5k,23814,4,Y,No,21,3,80,1,4,2,4,0,0,0
RM776,43,36-45,Male,Sales,Sales Executive,129576,No,1,3,3,Travel_Rarely,415,25,3,Medical,1,1076,79,2,3,4,Divorced,10798,10k-15k,5268,5,Y,No,13,3,80,1,18,5,3,0,0,0
RM813,43,36-45,Female,Research & Development,Manufacturing Director,129840,No,8,3,3,Travel_Frequently,1082,27,3,Life Sciences,1,1126,83,3,3,1,Married,10820,10k-15k,11535,8,Y,No,11,3,80,1,18,1,3,7,0,1
RM850,43,36-45,Female,Sales,Sales Executive,64152,Yes,4,1,3,Travel_Rarely,1372,9,3,Marketing,1,1188,85,1,2,3,Single,5346,5k-10k,9489,8,Y,No,13,2,80,0,7,2,2,3,1,3
RM899,43,36-45,Male,Research & Development,Research Director,236880,No,8,3,3,Travel_Rarely,920,3,3,Life Sciences,1,1255,96,1,5,4,Married,19740,15k+,18625,3,Y,No,14,2,80,1,25,2,3,7,0,7
RM927,43,36-45,Female,Sales,Sales Executive,122772,No,21,4,3,Travel_Rarely,531,4,4,Marketing,1,1293,56,2,3,4,Single,10231,10k-15k,20364,3,Y,No,14,4,80,0,23,3,4,7,15,17
RM996,43,36-45,Female,Research & Development,Research Scientist,48972,No,20,1,3,Travel_Rarely,930,6,3,Medical,1,1402,73,2,2,3,Single,4081,Upto 5k,20003,1,Y,Yes,14,1,80,0,20,3,1,7,1,8
RM1134,43,36-45,Male,Research & Development,Laboratory Technician,58512,No,6,4,3,Travel_Rarely,990,27,3,Technical Degree,1,1599,87,4,1,2,Divorced,4876,Upto 5k,5855,5,Y,No,12,3,80,1,8,0,3,4,0,2
RM1186,43,36-45,Male,Research & Development,Research Director,211236,No,14,3,4,Travel_Rarely,1291,15,2,Life Sciences,1,1666,65,2,4,3,Married,17603,15k+,3525,1,Y,No,24,1,80,1,14,3,3,10,6,11
RM1217,43,36-45,Male,Sales,Sales Executive,94164,No,10,4,3,Travel_Rarely,1179,2,3,Medical,1,1706,73,3,2,4,Married,7847,5k-10k,6069,1,Y,Yes,17,1,80,1,10,3,3,9,8,8
RM1263,43,36-45,Male,Research & Development,Research Scientist,29244,Yes,1,3,3,Travel_Frequently,807,17,3,Technical Degree,1,1767,38,2,1,3,Married,2437,Upto 5k,15587,9,Y,Yes,16,4,80,1,6,4,3,0,0,0
RM1270,43,36-45,Male,Human Resources,Human Resources,42468,No,9,2,3,Travel_Rarely,244,2,3,Life Sciences,1,1778,97,3,1,4,Single,3539,Upto 5k,5033,0,Y,No,13,2,80,0,10,5,3,7,1,8
RM1294,43,36-45,Male,Research & Development,Research Scientist,29256,No,3,1,3,Non-Travel,343,9,3,Life Sciences,1,1813,52,3,1,3,Single,2438,Upto 5k,24978,4,Y,No,13,3,80,0,7,2,2,2,1,2
RM1317,43,36-45,Male,Sales,Sales Executive,68100,No,7,1,4,Travel_Frequently,1422,2,4,Life Sciences,1,1849,92,3,2,4,Married,5675,5k-10k,19246,1,Y,No,20,3,80,1,7,5,3,7,7,7
RM1331,43,36-45,Female,Research & Development,Manager,232704,No,16,1,3,Travel_Rarely,823,6,3,Medical,1,1866,81,2,5,3,Married,19392,15k+,22539,7,Y,No,13,4,80,0,21,2,3,12,6,14
RM1400,43,36-45,Male,Research & Development,Healthcare Representative,90120,No,10,1,3,Travel_Rarely,574,11,3,Life Sciences,1,1971,30,3,3,3,Married,7510,5k-10k,16873,1,Y,No,17,2,80,1,10,1,3,9,0,9
RM029,44,36-45,Female,Research & Development,Healthcare Representative,122976,No,22,1,3,Travel_Rarely,477,7,4,Medical,1,36,42,2,3,4,Married,10248,10k-15k,2094,3,Y,No,14,4,80,1,24,4,3,6,5,
RM032,44,36-45,Male,Research & Development,Healthcare Representative,77580,No,4,4,3,Travel_Rarely,1459,10,4,Other,1,40,41,3,2,4,Married,6465,5k-10k,19121,2,Y,Yes,13,4,80,0,9,5,4,2,1,3
RM053,44,36-45,Female,Sales,Sales Executive,65448,No,4,2,4,Travel_Rarely,1488,1,5,Marketing,1,68,75,3,2,1,Divorced,5454,5k-10k,4009,5,Y,Yes,21,3,80,1,9,2,2,3,1,3
RM100,44,36-45,Male,Research & Development,Laboratory Technician,24504,No,3,2,3,Non-Travel,489,23,3,Medical,1,132,67,3,2,2,Married,2042,Upto 5k,25043,4,Y,No,12,3,80,1,17,3,4,2,1,2
RM287,44,36-45,Male,Research & Development,Laboratory Technician,37932,Yes,1,4,4,Travel_Frequently,920,24,3,Life Sciences,1,392,43,3,1,3,Divorced,3161,Upto 5k,19920,3,Y,Yes,22,4,80,1,19,0,1,0,0,0
RM494,44,36-45,Female,Human Resources,Human Resources,71820,No,2,1,3,Travel_Rarely,1112,1,4,Life Sciences,1,665,50,2,2,3,Single,5985,5k-10k,26894,4,Y,No,11,2,80,0,10,1,4,2,0,2
RM498,44,36-45,Male,Research & Development,Manager,234156,No,2,4,3,Travel_Rarely,1315,3,4,Other,1,671,35,3,5,4,Married,19513,15k+,9358,4,Y,Yes,12,1,80,1,26,2,4,2,0,1
RM544,44,36-45,Male,Research & Development,Laboratory Technician,44496,No,5,1,3,Non-Travel,381,24,3,Medical,1,744,49,1,1,3,Single,3708,Upto 5k,2104,2,Y,No,14,3,80,0,9,5,3,2,1,4
RM618,44,36-45,Male,Research & Development,Healthcare Representative,71196,No,5,4,3,Travel_Rarely,625,4,3,Medical,1,852,50,3,2,2,Single,5933,5k-10k,5197,9,Y,No,12,4,80,0,10,2,2,2,2,3
RM632,44,36-45,Male,Research & Development,Laboratory Technician,33816,No,3,1,4,Travel_Rarely,986,8,4,Life Sciences,1,874,62,4,1,4,Married,2818,Upto 5k,5044,2,Y,Yes,24,3,80,1,10,2,2,2,0,2
RM659,44,36-45,Male,Research & Development,Research Scientist,30708,No,8,2,3,Travel_Rarely,661,9,2,Life Sciences,1,913,61,3,1,1,Married,2559,Upto 5k,7508,1,Y,Yes,13,4,80,0,8,0,3,7,7,1
RM751,44,36-45,Female,Sales,Sales Executive,159840,No,12,4,3,Travel_Rarely,1448,28,3,Medical,1,1039,53,4,4,4,Married,13320,10k-15k,11737,3,Y,Yes,18,3,80,1,23,2,3,11,11,11
RM790,44,36-45,Male,Human Resources,Human Resources,125784,Yes,20,2,3,Travel_Rarely,1376,1,2,Medical,1,1098,91,2,3,1,Married,10482,10k-15k,2326,9,Y,No,14,4,80,1,24,1,3,6,3,6
RM858,44,36-45,Male,Research & Development,Research Scientist,35232,Yes,6,3,3,Travel_Rarely,1097,10,4,Life Sciences,1,1200,96,3,1,3,Single,2936,Upto 5k,10826,1,Y,Yes,11,3,80,0,6,4,3,4,0,2
RM863,44,36-45,Male,Research & Development,Research Scientist,27480,No,0,4,3,Non-Travel,111,17,3,Life Sciences,1,1206,74,1,1,3,Single,2290,Upto 5k,4279,2,Y,No,13,4,80,0,6,3,3,0,0,0
RM876,44,36-45,Male,Research & Development,Research Scientist,54492,No,20,4,4,Travel_Rarely,200,29,4,Other,1,1225,32,3,2,4,Single,4541,Upto 5k,7744,1,Y,No,25,2,80,0,20,3,3,11,13,17
RM892,44,36-45,Female,Research & Development,Research Scientist,24132,No,10,1,3,Travel_Rarely,1117,2,1,Life Sciences,1,1246,72,4,1,4,Married,2011,Upto 5k,19982,1,Y,No,13,4,80,1,10,5,3,5,7,7
RM908,44,36-45,Male,Sales,Manager,218556,No,22,2,3,Travel_Rarely,1099,5,3,Marketing,1,1267,88,3,5,2,Married,18213,15k+,8751,7,Y,No,11,3,80,1,26,5,3,9,3,10
RM923,44,36-45,Male,Research & Development,Manager,230280,No,25,3,3,Travel_Rarely,1199,4,2,Life Sciences,1,1288,92,4,5,1,Divorced,19190,15k+,17477,1,Y,No,14,4,80,2,26,4,2,9,14,13
RM929,44,36-45,Female,Research & Development,Healthcare Representative,95736,Yes,10,1,3,Travel_Rarely,621,15,3,Medical,1,1295,73,3,3,4,Married,7978,5k-10k,14075,1,Y,No,11,4,80,1,10,2,3,7,0,5
RM954,44,36-45,Male,Research & Development,Laboratory Technician,28344,Yes,3,1,3,Travel_Rarely,935,3,3,Life Sciences,1,1333,89,3,1,1,Married,2362,Upto 5k,14669,4,Y,No,12,3,80,0,10,4,4,2,1,2
RM1043,44,36-45,Male,Research & Development,Laboratory Technician,37944,No,5,3,3,Non-Travel,981,5,3,Life Sciences,1,1471,90,2,1,3,Single,3162,Upto 5k,7973,3,Y,No,14,4,80,0,7,5,3,2,0,3
RM1047,44,36-45,Male,Research & Development,Research Scientist,41040,No,5,4,3,Travel_Rarely,1467,20,3,Life Sciences,1,1475,49,3,1,2,Single,3420,Upto 5k,21158,1,Y,No,13,3,80,0,6,3,2,2,1,3
RM1052,44,36-45,Female,Sales,Sales Executive,57216,No,1,1,3,Travel_Frequently,383,1,5,Marketing,1,1481,79,3,2,3,Married,4768,Upto 5k,9282,7,Y,No,12,3,80,1,11,4,2,0,0,0
RM1063,44,36-45,Male,Research & Development,Manufacturing Director,122508,No,2,2,3,Travel_Frequently,1193,2,1,Medical,1,1496,86,3,3,3,Single,10209,10k-15k,19719,5,Y,Yes,18,2,80,0,16,2,2,2,2,2
RM1079,44,36-45,Male,Research & Development,Research Director,195936,No,20,4,3,Travel_Rarely,136,28,3,Life Sciences,1,1523,32,3,4,1,Married,16328,15k+,22074,3,Y,No,13,3,80,1,24,1,4,6,14,17
RM1141,44,36-45,Female,Research & Development,Research Director,228588,No,22,2,3,Travel_Rarely,1313,7,3,Medical,1,1608,31,3,5,4,Divorced,19049,15k+,3549,0,Y,Yes,14,4,80,1,23,4,2,7,1,10
RM1166,44,36-45,Male,Human Resources,Human Resources,68916,No,10,1,3,Travel_Frequently,602,1,5,Human Resources,1,1642,37,3,2,4,Married,5743,5k-10k,10503,4,Y,Yes,11,3,80,0,14,3,3,7,0,2
RM1201,44,36-45,Female,Human Resources,Human Resources,38340,No,2,3,3,Travel_Rarely,528,1,3,Life Sciences,1,1683,44,3,1,4,Divorced,3195,Upto 5k,4167,4,Y,Yes,18,1,80,3,8,2,3,2,2,2
RM1215,44,36-45,Female,Research & Development,Healthcare Representative,94548,No,8,3,3,Travel_Rarely,921,2,3,Life Sciences,1,1703,96,4,3,4,Married,7879,5k-10k,14810,1,Y,Yes,19,2,80,1,9,2,3,7,6,7
RM1280,44,36-45,Male,Research & Development,Research Scientist,28104,Yes,5,3,3,Travel_Frequently,429,1,2,Medical,1,1792,99,3,1,2,Divorced,2342,Upto 5k,11092,1,Y,Yes,12,3,80,3,6,2,2,3,2,3
RM1353,44,36-45,Male,Research & Development,Healthcare Representative,60396,No,2,2,3,Travel_Rarely,170,1,4,Life Sciences,1,1903,78,4,2,1,Married,5033,5k-10k,9364,2,Y,No,15,4,80,1,10,5,3,0,2,2
RM1436,44,36-45,Male,Research & Development,Research Scientist,29232,No,4,2,3,Travel_Rarely,1037,1,3,Medical,1,2020,42,3,1,4,Single,2436,Upto 5k,13422,6,Y,Yes,12,3,80,0,6,2,3,3,1,2
RM068,45,36-45,Male,Research & Development,Research Scientist,116688,No,1,2,3,Travel_Rarely,1339,7,3,Life Sciences,1,86,59,3,3,1,Divorced,9724,5k-10k,18787,2,Y,No,17,3,80,1,25,2,3,0,0,0
RM078,45,36-45,Male,Research & Development,Research Director,158940,No,0,4,3,Travel_Rarely,193,6,4,Other,1,101,52,3,3,1,Married,13245,10k-15k,15067,4,Y,Yes,14,2,80,0,17,3,4,0,0,
RM142,45,36-45,Male,Research & Development,Research Scientist,41424,No,6,3,3,Travel_Rarely,1316,29,3,Medical,1,192,83,3,1,4,Single,3452,Upto 5k,9752,5,Y,No,13,2,80,0,9,2,2,5,0,
RM154,45,36-45,Male,Research & Development,Laboratory Technician,28176,No,17,2,3,Travel_Rarely,194,9,3,Life Sciences,1,206,60,3,2,2,Divorced,2348,Upto 5k,10901,8,Y,No,18,3,80,1,20,2,1,9,0,15
RM175,45,36-45,Female,Sales,Sales Executive,60072,No,5,3,3,Travel_Rarely,1268,4,2,Life Sciences,1,240,30,3,2,1,Divorced,5006,5k-10k,6319,4,Y,Yes,11,1,80,1,9,3,4,4,0,3
RM195,45,36-45,Male,Research & Development,Manager,201504,No,20,1,4,Non-Travel,1195,2,2,Medical,1,264,65,2,4,4,Married,16792,15k+,20462,9,Y,No,23,4,80,1,22,1,3,8,11,8
RM219,45,36-45,Female,Sales,Sales Executive,106380,No,19,4,3,Non-Travel,1052,6,3,Medical,1,302,57,2,3,4,Single,8865,5k-10k,16840,6,Y,No,12,4,80,0,23,2,3,7,12,8
RM245,45,36-45,Male,Research & Development,Manager,230424,No,24,3,3,Travel_Rarely,252,1,3,Other,1,336,70,4,5,4,Married,19202,15k+,15970,0,Y,No,11,3,80,1,25,2,3,0,1,7
RM250,45,36-45,Male,Research & Development,Manufacturing Director,77208,No,3,1,3,Travel_Frequently,1199,7,4,Life Sciences,1,341,77,4,2,3,Married,6434,5k-10k,5118,4,Y,No,17,4,80,1,9,1,3,2,0,
RM269,45,36-45,Male,Research & Development,Healthcare Representative,161952,No,20,3,3,Travel_Rarely,1385,20,2,Medical,1,372,79,3,4,4,Married,13496,10k-15k,7501,0,Y,Yes,14,2,80,0,21,2,3,7,4,10
RM312,45,36-45,Male,Research & Development,Laboratory Technician,62520,No,24,1,3,Travel_Frequently,1249,7,3,Life Sciences,1,425,97,3,3,1,Divorced,5210,5k-10k,20308,1,Y,No,18,1,80,1,24,2,3,9,9,11
RM335,45,36-45,Male,Research & Development,Research Scientist,44364,No,10,4,3,Travel_Rarely,549,8,4,Other,1,452,75,3,2,4,Married,3697,Upto 5k,9278,9,Y,No,14,1,80,2,12,3,3,9,9,8
RM408,45,36-45,Male,Research & Development,Research Scientist,31848,No,2,1,4,Travel_Rarely,192,10,2,Life Sciences,1,544,69,3,1,4,Married,2654,Upto 5k,9655,3,Y,No,21,4,80,2,8,3,2,2,0,
RM453,45,36-45,Male,Sales,Sales Executive,57660,No,8,4,3,Travel_Rarely,561,2,3,Other,1,606,61,3,2,2,Married,4805,Upto 5k,16177,0,Y,No,19,2,80,1,9,3,4,7,3,7
RM505,45,36-45,Female,Sales,Sales Executive,51432,Yes,1,1,3,Travel_Frequently,306,26,4,Life Sciences,1,684,100,3,2,1,Married,4286,Upto 5k,5630,2,Y,No,14,4,80,2,5,4,3,1,0,0
RM565,45,36-45,Male,Sales,Sales Representative,79584,No,8,2,3,Travel_Rarely,954,2,2,Technical Degree,1,783,46,1,2,3,Single,6632,5k-10k,12388,0,Y,No,13,1,80,0,9,3,3,7,3,1
RM604,45,36-45,Female,Research & Development,Research Scientist,27288,No,1,2,3,Travel_Rarely,252,2,3,Life Sciences,1,834,95,2,1,3,Single,2274,Upto 5k,6153,1,Y,No,14,4,80,0,1,3,3,0,0,0
RM626,45,36-45,Male,Sales,Sales Executive,129132,No,5,4,3,Travel_Rarely,930,9,3,Marketing,1,864,74,3,3,1,Divorced,10761,10k-15k,19239,4,Y,Yes,12,3,80,1,18,2,3,4,0,2
RM697,45,36-45,Male,Research & Development,Laboratory Technician,53364,No,9,3,3,Non-Travel,805,4,2,Life Sciences,1,972,57,3,2,2,Married,4447,Upto 5k,23163,1,Y,No,12,2,80,0,9,5,2,7,0,8
RM714,45,36-45,Female,Research & Development,Laboratory Technician,27240,No,5,4,3,Travel_Rarely,974,1,4,Medical,1,996,91,3,1,4,Divorced,2270,Upto 5k,11005,3,Y,No,14,4,80,2,8,2,3,3,0,2
RM719,45,36-45,Male,Research & Development,Laboratory Technician,43596,No,9,4,3,Non-Travel,248,23,2,Life Sciences,1,1002,42,3,2,1,Married,3633,Upto 5k,14039,1,Y,Yes,15,3,80,1,9,2,3,8,0,8
RM756,45,36-45,Female,Sales,Manager,211800,No,9,4,3,Travel_Rarely,1234,11,2,Life Sciences,1,1045,90,3,4,4,Married,17650,15k+,5404,3,Y,No,13,2,80,1,26,4,4,3,1,1
RM760,45,36-45,Male,Human Resources,Human Resources,26124,No,6,2,3,Travel_Rarely,788,24,4,Medical,1,1049,36,3,1,2,Single,2177,Upto 5k,8318,1,Y,No,16,1,80,0,6,3,3,3,0,4
RM806,45,36-45,Female,Sales,Sales Executive,67116,No,15,2,3,Non-Travel,1050,9,4,Life Sciences,1,1117,65,2,2,3,Married,5593,5k-10k,17970,1,Y,No,13,4,80,1,15,2,3,10,4,12
RM855,45,36-45,Female,Research & Development,Research Scientist,53724,No,3,1,3,Travel_Rarely,1457,7,3,Medical,1,1195,83,3,1,3,Married,4477,Upto 5k,20100,4,Y,Yes,19,3,80,1,7,2,2,2,0,2
RM914,45,36-45,Female,Sales,Manager,225888,Yes,24,1,3,Travel_Rarely,1449,2,3,Marketing,1,1277,94,1,5,2,Single,18824,15k+,2493,2,Y,Yes,16,1,80,0,26,2,3,10,1,11
RM937,45,36-45,Female,Research & Development,Manager,216732,No,0,2,4,Travel_Frequently,364,25,3,Medical,1,1306,83,3,5,2,Single,18061,15k+,13035,3,Y,No,22,3,80,0,22,4,3,0,0,0
RM1035,45,36-45,Male,Research & Development,Healthcare Representative,130212,No,7,2,3,Travel_Rarely,1038,20,3,Medical,1,1460,95,1,3,1,Divorced,10851,10k-15k,19863,2,Y,Yes,18,2,80,1,24,2,3,7,0,7
RM1038,45,36-45,Male,Research & Development,Manufacturing Director,112560,No,3,2,3,Travel_Rarely,1448,29,3,Technical Degree,1,1465,55,3,3,4,Married,9380,5k-10k,14720,4,Y,Yes,18,4,80,2,10,4,4,1,1,2
RM1093,45,36-45,Male,Research & Development,Research Scientist,25584,No,5,4,4,Travel_Rarely,950,28,3,Technical Degree,1,1546,97,3,1,4,Married,2132,Upto 5k,4585,4,Y,No,20,4,80,1,8,3,3,4,0,3
RM1100,45,36-45,Male,Research & Development,Healthcare Representative,89292,No,10,1,3,Travel_Rarely,538,1,4,Technical Degree,1,1553,66,3,3,2,Divorced,7441,5k-10k,20933,1,Y,No,12,1,80,3,10,4,3,8,7,7
RM1143,45,36-45,Female,Research & Development,Laboratory Technician,69228,No,10,3,3,Travel_Rarely,1015,5,5,Medical,1,1611,50,1,2,1,Single,5769,5k-10k,23447,1,Y,Yes,14,1,80,0,10,3,3,7,1,4
RM1144,45,36-45,Male,Sales,Sales Executive,52620,No,10,1,3,Non-Travel,336,26,3,Marketing,1,1612,52,2,2,1,Married,4385,Upto 5k,24162,1,Y,No,15,1,80,1,10,2,3,7,4,5
RM1161,45,36-45,Female,Research & Development,Manufacturing Director,69240,No,10,4,3,Travel_Rarely,1329,2,2,Other,1,1635,59,2,2,4,Divorced,5770,5k-10k,5388,1,Y,No,19,1,80,2,10,3,3,7,3,9
RM1222,45,36-45,Male,Research & Development,Healthcare Representative,128976,No,23,3,4,Non-Travel,1238,1,1,Life Sciences,1,1712,74,2,3,3,Married,10748,10k-15k,3395,3,Y,No,23,4,80,1,25,3,2,15,14,4
RM1226,45,36-45,Female,Research & Development,Research Director,200448,No,21,4,3,Travel_Rarely,1005,28,2,Technical Degree,1,1719,48,2,4,2,Single,16704,15k+,17119,1,Y,No,11,3,80,0,21,2,3,6,8,6
RM1244,45,36-45,Female,Human Resources,Human Resources,117072,No,5,3,4,Travel_Rarely,176,4,3,Life Sciences,1,1744,56,1,3,3,Married,9756,5k-10k,6595,4,Y,No,21,3,80,2,9,2,4,0,0,3
RM1315,45,36-45,Female,Sales,Sales Executive,61848,No,8,3,4,Non-Travel,589,2,4,Life Sciences,1,1845,67,3,2,3,Married,5154,5k-10k,19665,4,Y,No,22,2,80,2,10,3,4,7,5,7
RM1347,45,36-45,Female,Research & Development,Manufacturing Director,70872,No,9,2,3,Travel_Rarely,556,25,2,Life Sciences,1,1888,93,2,2,4,Married,5906,5k-10k,23888,0,Y,No,13,4,80,2,10,2,2,8,3,8
RM1363,45,36-45,Male,Research & Development,Healthcare Representative,64788,No,4,2,3,Travel_Frequently,1297,1,4,Medical,1,1922,44,3,2,3,Single,5399,5k-10k,14511,4,Y,No,12,3,80,0,12,3,3,2,0,3
RM1455,45,36-45,Female,Sales,Sales Executive,58200,No,5,4,3,Travel_Rarely,374,20,3,Life Sciences,1,2046,50,3,2,3,Single,4850,Upto 5k,23333,8,Y,No,15,3,80,0,8,3,3,3,0,1
RM030,46,46-55,Female,Sales,Manager,227364,No,2,2,3,Travel_Rarely,705,2,4,Marketing,1,38,83,3,5,1,Single,18947,15k+,22822,3,Y,No,12,4,80,0,22,2,2,2,2,
RM049,46,46-55,Male,Sales,Sales Executive,69264,No,9,1,4,Travel_Frequently,1211,5,4,Marketing,1,62,98,3,2,4,Single,5772,5k-10k,20445,4,Y,Yes,21,3,80,0,14,4,3,6,0,8
RM080,46,46-55,Male,Human Resources,Human Resources,60252,No,4,2,4,Travel_Rarely,945,5,2,Medical,1,103,80,3,2,2,Divorced,5021,5k-10k,10425,8,Y,Yes,22,4,80,1,16,2,3,2,0,2
RM090,46,46-55,Male,Sales,Sales Executive,115428,Yes,9,3,3,Travel_Rarely,669,9,2,Medical,1,118,64,2,3,4,Single,9619,5k-10k,13596,1,Y,No,16,4,80,0,9,3,3,8,4,7
RM094,46,46-55,Male,Research & Development,Healthcare Representative,128076,No,10,3,3,Travel_Frequently,638,1,3,Medical,1,124,40,2,3,1,Married,10673,10k-15k,3142,2,Y,Yes,13,3,80,1,21,5,2,9,9,5
RM179,46,46-55,Female,Sales,Sales Executive,125436,No,24,2,4,Travel_Rarely,526,1,2,Marketing,1,244,92,3,3,1,Divorced,10453,10k-15k,2137,1,Y,No,25,3,80,3,24,2,3,13,15,7
RM210,46,46-55,Male,Research & Development,Healthcare Representative,112752,No,4,4,3,Travel_Rarely,644,1,4,Medical,1,288,97,3,3,1,Divorced,9396,5k-10k,12368,7,Y,No,16,3,80,1,17,3,3,2,0,
RM264,46,46-55,Female,Sales,Manager,202464,No,7,3,3,Travel_Rarely,488,2,3,Technical Degree,1,363,75,1,4,2,Married,16872,15k+,14977,3,Y,Yes,12,2,80,1,28,2,2,7,7,7
RM366,46,46-55,Female,Research & Development,Manufacturing Director,63096,No,1,3,3,Non-Travel,1144,7,4,Medical,1,487,30,3,2,3,Married,5258,5k-10k,16044,2,Y,No,14,3,80,0,7,2,4,0,0,0
RM413,46,46-55,Female,Research & Development,Manufacturing Director,57720,No,10,3,3,Travel_Rarely,1485,18,3,Medical,1,550,87,3,2,3,Divorced,4810,Upto 5k,26314,2,Y,No,14,3,80,1,19,5,2,7,0,8
RM430,46,46-55,Male,Research & Development,Research Director,214332,No,3,1,3,Travel_Rarely,1009,2,3,Life Sciences,1,575,51,3,4,3,Married,17861,15k+,2288,6,Y,No,13,3,80,0,26,2,1,2,0,1
RM434,46,46-55,Female,Sales,Sales Executive,108852,No,3,3,3,Travel_Rarely,1125,10,3,Marketing,1,580,94,2,3,4,Married,9071,5k-10k,11563,2,Y,Yes,19,3,80,1,15,3,3,2,1,2
RM466,46,46-55,Female,Research & Development,Healthcare Representative,126324,No,2,1,3,Travel_Frequently,1034,18,1,Medical,1,624,86,3,3,3,Married,10527,10k-15k,8984,5,Y,No,11,4,80,0,28,3,2,2,1,2
RM724,46,46-55,Male,Research & Development,Manufacturing Director,130140,No,8,4,3,Travel_Rarely,566,7,2,Medical,1,1007,75,3,3,3,Divorced,10845,10k-15k,24208,6,Y,No,13,2,80,1,13,3,3,7,0,7
RM771,46,46-55,Male,Research & Development,Research Director,235524,No,2,4,3,Travel_Rarely,430,1,4,Medical,1,1069,40,3,5,4,Divorced,19627,15k+,21445,9,Y,No,17,4,80,2,23,0,3,2,2,2
RM779,46,46-55,Female,Research & Development,Research Scientist,55380,No,16,4,4,Travel_Rarely,1003,8,4,Life Sciences,1,1080,74,2,2,1,Divorced,4615,Upto 5k,21029,8,Y,Yes,23,1,80,3,19,2,3,13,1,7
RM811,46,46-55,Male,Sales,Manager,209580,No,12,1,3,Travel_Rarely,406,3,1,Marketing,1,1124,52,3,4,3,Married,17465,15k+,15596,3,Y,No,12,4,80,1,23,3,3,9,4,9
RM862,46,46-55,Female,Sales,Manager,204576,No,26,3,4,Travel_Rarely,1402,2,3,Marketing,1,1204,69,3,4,1,Married,17048,15k+,24097,8,Y,No,23,1,80,0,28,2,3,15,15,9
RM870,46,46-55,Male,Research & Development,Research Director,228972,No,4,4,3,Travel_Rarely,1450,15,2,Life Sciences,1,1217,52,3,5,2,Married,19081,15k+,10849,5,Y,No,11,1,80,1,25,2,3,2,0,3
RM878,46,46-55,Male,Research & Development,Manufacturing Director,88548,No,6,4,3,Travel_Rarely,150,2,4,Technical Degree,1,1228,60,3,2,4,Divorced,7379,5k-10k,17433,2,Y,No,11,3,80,1,12,3,2,3,1,4
RM917,46,46-55,Female,Sales,Manager,225468,No,11,4,3,Travel_Rarely,168,4,2,Marketing,1,1280,33,2,5,2,Married,18789,15k+,9946,2,Y,No,14,3,80,1,26,2,3,4,0,8
RM944,46,46-55,Female,Human Resources,Human Resources,41076,No,7,4,3,Travel_Rarely,991,1,2,Life Sciences,1,1314,44,3,1,1,Single,3423,Upto 5k,22957,6,Y,No,12,3,80,0,10,3,4,6,5,7
RM1032,46,46-55,Male,Sales,Sales Executive,121152,Yes,7,1,3,Travel_Rarely,377,9,3,Marketing,1,1457,52,3,3,4,Divorced,10096,10k-15k,15986,4,Y,No,11,1,80,1,28,1,4,7,4,3
RM1081,46,46-55,Female,Sales,Manager,199272,No,13,3,3,Travel_Rarely,228,3,3,Life Sciences,1,1527,51,3,4,2,Married,16606,15k+,11380,8,Y,No,12,4,80,1,23,2,4,12,5,1
RM1136,46,46-55,Male,Sales,Manager,210804,No,26,4,3,Travel_Rarely,563,1,4,Life Sciences,1,1602,56,4,4,1,Single,17567,15k+,3156,1,Y,No,15,2,80,0,27,5,1,0,0,12
RM1232,46,46-55,Male,Research & Development,Healthcare Representative,66744,No,10,3,3,Travel_Rarely,717,13,4,Life Sciences,1,1727,34,3,2,2,Single,5562,5k-10k,9697,6,Y,No,14,4,80,0,19,3,3,7,0,9
RM1236,46,46-55,Male,Sales,Sales Executive,124416,No,10,3,3,Travel_Rarely,1277,2,3,Life Sciences,1,1732,74,3,3,4,Divorced,10368,10k-15k,5596,4,Y,Yes,12,2,80,1,13,5,2,6,0,3
RM1278,46,46-55,Male,Research & Development,Research Director,231936,No,2,3,3,Travel_Rarely,734,2,4,Medical,1,1789,46,3,5,4,Divorced,19328,15k+,14218,7,Y,Yes,17,3,80,1,24,3,3,1,2,2
RM1286,46,46-55,Male,Sales,Sales Executive,95892,No,2,2,3,Non-Travel,849,26,2,Life Sciences,1,1801,98,2,2,2,Single,7991,5k-10k,25166,8,Y,No,15,3,80,0,6,3,3,2,2,2
RM1299,46,46-55,Female,Research & Development,Healthcare Representative,107112,Yes,9,4,4,Travel_Rarely,261,21,2,Medical,1,1821,66,3,2,2,Married,8926,5k-10k,10842,4,Y,No,22,4,80,1,13,2,4,7,3,7
RM1323,46,46-55,Male,Research & Development,Manufacturing Director,102936,No,9,4,3,Travel_Rarely,706,2,2,Life Sciences,1,1857,82,3,3,4,Divorced,8578,5k-10k,19989,3,Y,No,14,3,80,1,12,4,2,8,4,7
RM1328,46,46-55,Female,Sales,Sales Executive,158700,No,19,1,3,Travel_Rarely,1319,3,3,Technical Degree,1,1863,45,4,4,1,Divorced,13225,10k-15k,7739,2,Y,No,12,4,80,1,25,5,3,17,2,8
RM1334,46,46-55,Female,Sales,Sales Executive,87768,Yes,8,3,4,Travel_Rarely,1254,10,3,Life Sciences,1,1869,64,3,3,2,Married,7314,5k-10k,14011,5,Y,No,21,3,80,3,14,2,3,7,0,7
RM272,47,46-55,Male,Research & Development,Manager,142188,Yes,10,1,3,Non-Travel,666,29,4,Life Sciences,1,376,88,3,3,2,Married,11849,10k-15k,10268,1,Y,Yes,12,4,80,1,10,2,2,7,9,9
RM330,47,46-55,Male,Research & Development,Research Director,219600,No,3,4,3,Travel_Rarely,1482,5,5,Life Sciences,1,447,42,3,5,3,Married,18300,15k+,16375,4,Y,No,11,2,80,1,21,2,3,2,1,1
RM348,47,46-55,Male,Sales,Sales Representative,35712,No,0,2,3,Travel_Frequently,1309,4,1,Medical,1,467,99,3,2,3,Single,2976,Upto 5k,25751,3,Y,No,19,1,80,0,5,3,3,0,0,0
RM429,47,46-55,Female,Research & Development,Manufacturing Director,60840,No,5,1,3,Travel_Rarely,983,2,2,Medical,1,574,65,3,2,4,Divorced,5070,5k-10k,7389,5,Y,No,13,3,80,3,20,2,3,0,0,4
RM533,47,46-55,Male,Sales,Sales Executive,59520,No,7,4,3,Travel_Rarely,703,14,4,Marketing,1,728,42,3,2,1,Single,4960,Upto 5k,11825,2,Y,No,12,4,80,0,20,2,3,7,1,7
RM545,47,46-55,Female,Sales,Sales Executive,165240,No,22,4,3,Travel_Frequently,217,3,3,Medical,1,746,49,3,4,3,Divorced,13770,10k-15k,10225,9,Y,Yes,12,4,80,2,28,2,2,2,11,13
RM567,47,46-55,Female,Sales,Sales Executive,76764,Yes,5,2,3,Travel_Frequently,719,27,2,Life Sciences,1,785,77,4,2,3,Single,6397,5k-10k,10339,4,Y,Yes,12,4,80,0,8,2,3,4,1,3
RM593,47,46-55,Female,Research & Development,Manager,201024,No,26,3,3,Travel_Rarely,202,2,2,Other,1,820,33,3,4,4,Married,16752,15k+,12982,1,Y,Yes,11,3,80,1,26,3,2,14,3,0
RM652,47,46-55,Female,Sales,Sales Executive,54444,No,7,3,4,Travel_Rarely,249,2,2,Marketing,1,903,35,3,2,4,Married,4537,Upto 5k,17783,0,Y,Yes,22,1,80,1,8,2,3,6,7,7
RM666,47,46-55,Female,Sales,Sales Representative,39528,No,3,4,3,Travel_Rarely,1454,2,4,Life Sciences,1,925,65,2,1,4,Single,3294,Upto 5k,13137,1,Y,Yes,18,1,80,0,3,3,2,2,1,2
RM708,47,46-55,Male,Research & Development,Manufacturing Director,60804,No,19,3,3,Travel_Frequently,1379,16,4,Medical,1,987,64,4,2,3,Divorced,5067,5k-10k,6759,1,Y,Yes,19,3,80,0,20,3,4,10,2,7
RM720,47,46-55,Female,Sales,Sales Executive,49956,No,9,4,3,Travel_Rarely,955,4,2,Life Sciences,1,1003,83,3,2,4,Single,4163,Upto 5k,8571,1,Y,Yes,17,3,80,0,9,0,3,0,0,7
RM1021,47,46-55,Male,Research & Development,Research Scientist,41040,No,6,1,3,Travel_Rarely,465,1,3,Technical Degree,1,1438,74,3,1,4,Married,3420,Upto 5k,10205,7,Y,No,12,3,80,1,17,2,2,5,1,2
RM1025,47,46-55,Female,Research & Development,Research Director,206028,No,20,1,3,Travel_Rarely,359,2,4,Medical,1,1443,82,3,4,3,Married,17169,15k+,26703,3,Y,No,19,2,80,2,26,2,4,17,5,6
RM1068,47,46-55,Female,Sales,Sales Executive,55092,No,5,3,3,Travel_Rarely,571,14,3,Medical,1,1503,78,3,2,3,Married,4591,Upto 5k,24200,3,Y,Yes,17,3,80,1,11,4,2,4,1,2
RM1155,47,46-55,Female,Human Resources,Manager,235896,No,5,4,3,Travel_Rarely,1176,26,4,Life Sciences,1,1625,98,3,5,3,Married,19658,15k+,5220,3,Y,No,11,3,80,1,27,2,3,2,1,0
RM1195,47,46-55,Female,Sales,Manager,191664,No,3,2,3,Travel_Rarely,1225,2,4,Life Sciences,1,1676,47,4,4,2,Divorced,15972,15k+,21086,6,Y,No,14,3,80,3,29,2,3,2,1,2
RM1224,47,46-55,Male,Sales,Sales Executive,155232,Yes,23,3,3,Travel_Frequently,1093,9,3,Life Sciences,1,1716,82,1,4,3,Married,12936,10k-15k,24164,7,Y,No,11,3,80,0,25,3,1,5,14,10
RM1235,47,46-55,Male,Sales,Sales Executive,59736,No,1,3,3,Non-Travel,543,2,4,Marketing,1,1731,87,3,2,2,Married,4978,Upto 5k,3536,7,Y,No,11,4,80,1,4,3,1,0,0,0
RM1304,47,46-55,Female,Research & Development,Manufacturing Director,123996,No,22,3,3,Travel_Rarely,1001,4,3,Life Sciences,1,1827,92,2,3,2,Divorced,10333,10k-15k,19271,8,Y,Yes,12,3,80,1,28,4,3,11,14,10
RM1322,47,46-55,Female,Research & Development,Laboratory Technician,25260,No,2,2,3,Travel_Rarely,207,9,4,Life Sciences,1,1856,64,3,1,3,Single,2105,Upto 5k,5411,4,Y,No,12,3,80,0,7,2,3,2,2,0
RM1371,47,46-55,Male,Research & Development,Research Scientist,65604,No,8,3,3,Non-Travel,1169,14,4,Technical Degree,1,1934,64,3,2,2,Married,5467,5k-10k,2125,8,Y,No,18,3,80,1,16,4,4,7,1,7
RM1415,47,46-55,Male,Research & Development,Healthcare Representative,103596,No,17,1,4,Travel_Rarely,1180,25,3,Medical,1,1993,84,3,3,3,Single,8633,5k-10k,13084,2,Y,No,23,2,80,0,25,3,3,14,12,11
RM1422,47,46-55,Female,Research & Development,Research Director,143484,No,13,3,3,Non-Travel,1162,1,1,Medical,1,2000,98,3,3,2,Married,11957,10k-15k,17231,0,Y,No,18,1,80,2,14,3,1,8,5,12
RM051,48,46-55,Male,Research & Development,Laboratory Technician,64572,Yes,1,1,3,Travel_Rarely,626,1,2,Life Sciences,1,64,98,2,3,3,Single,5381,5k-10k,19294,9,Y,Yes,13,4,80,0,23,2,3,0,0,0
RM353,48,46-55,Female,Sales,Manager,150048,No,0,1,4,Travel_Rarely,530,29,1,Medical,1,473,91,3,3,3,Married,12504,10k-15k,23978,3,Y,No,21,2,80,1,15,3,1,0,0,0
RM445,48,46-55,Female,Sales,Sales Executive,48612,No,9,2,3,Travel_Rarely,163,2,5,Marketing,1,595,37,3,2,4,Married,4051,Upto 5k,19658,2,Y,No,14,1,80,1,14,2,3,7,6,7
RM493,48,46-55,Female,Research & Development,Manager,184824,No,3,4,3,Travel_Rarely,1236,1,4,Life Sciences,1,664,40,2,4,1,Married,15402,15k+,17997,7,Y,No,11,1,80,1,21,3,1,2,0,2
RM521,48,46-55,Male,Sales,Sales Executive,97440,No,2,2,3,Travel_Rarely,817,2,1,Marketing,1,712,56,4,2,2,Married,8120,5k-10k,18597,3,Y,No,12,4,80,0,12,3,3,2,2,2
RM679,48,46-55,Male,Research & Development,Research Scientist,27108,No,0,4,3,Travel_Rarely,1469,20,4,Medical,1,945,51,3,1,3,Married,2259,Upto 5k,5543,4,Y,No,17,1,80,2,13,2,2,0,0,0
RM736,48,46-55,Male,Research & Development,Healthcare Representative,50880,No,2,1,3,Travel_Rarely,277,6,3,Life Sciences,1,1022,97,2,2,3,Single,4240,Upto 5k,13119,2,Y,No,13,4,80,0,19,0,3,2,2,2
RM737,48,46-55,Male,Research & Development,Healthcare Representative,131988,No,15,3,3,Travel_Rarely,1355,4,4,Life Sciences,1,1024,78,2,3,3,Single,10999,10k-15k,22245,7,Y,No,14,2,80,0,27,3,3,11,4,8
RM805,48,46-55,Male,Research & Development,Manager,202620,No,5,1,4,Non-Travel,1262,1,4,Medical,1,1116,35,4,4,4,Single,16885,15k+,16154,2,Y,No,22,3,80,0,27,3,2,4,2,1
RM902,48,46-55,Male,Research & Development,Laboratory Technician,30708,No,1,4,3,Travel_Rarely,969,2,2,Technical Degree,1,1258,76,4,1,2,Single,2559,Upto 5k,16620,5,Y,No,11,3,80,0,7,4,2,0,0,0
RM905,48,46-55,Male,Research & Development,Research Director,219180,No,1,4,3,Travel_Rarely,715,1,3,Life Sciences,1,1263,76,2,5,4,Single,18265,15k+,8733,6,Y,No,12,3,80,0,25,3,4,0,0,0
RM970,48,46-55,Male,Research & Development,Manufacturing Director,94776,No,10,4,3,Travel_Rarely,855,4,3,Life Sciences,1,1363,54,3,3,4,Single,7898,5k-10k,18706,1,Y,No,11,3,80,0,11,2,3,9,0,8
RM1039,48,46-55,Male,Sales,Sales Executive,65832,No,2,3,3,Travel_Rarely,1221,7,3,Marketing,1,1466,96,3,2,1,Divorced,5486,5k-10k,24795,4,Y,No,11,1,80,3,15,3,3,2,2,2
RM1104,48,46-55,Female,Sales,Sales Executive,77268,No,8,3,3,Travel_Rarely,492,16,4,Life Sciences,1,1557,96,3,2,3,Divorced,6439,5k-10k,13693,8,Y,No,14,3,80,1,18,2,3,7,7,7
RM1115,48,46-55,Female,Research & Development,Research Scientist,28404,No,8,3,3,Travel_Rarely,1108,15,4,Other,1,1576,65,3,1,1,Married,2367,Upto 5k,16530,8,Y,No,12,4,80,1,10,3,2,2,7,6
RM1167,48,46-55,Male,Research & Development,Manager,182424,No,2,3,4,Travel_Frequently,365,4,5,Medical,1,1644,89,2,4,4,Married,15202,15k+,5602,2,Y,No,25,2,80,1,23,3,3,2,2,2
RM1205,48,46-55,Female,Sales,Sales Representative,31860,Yes,9,4,3,Travel_Frequently,708,7,2,Medical,1,1691,95,3,1,3,Married,2655,Upto 5k,11740,2,Y,Yes,11,3,80,2,19,3,3,7,7,7
RM1332,48,46-55,Male,Research & Development,Research Director,235980,No,22,4,3,Travel_Rarely,1224,10,3,Life Sciences,1,1867,91,2,5,2,Married,19665,15k+,13583,4,Y,No,12,4,80,0,29,3,3,10,12,9
RM1352,48,46-55,Female,Research & Development,Manager,206088,No,22,4,3,Travel_Frequently,117,22,3,Medical,1,1900,58,3,4,4,Divorced,17174,15k+,2437,3,Y,No,11,2,80,1,24,3,3,17,4,7
RM002,49,46-55,Male,Research & Development,Research Scientist,61560,No,10,3,4,Travel_Frequently,279,8,1,Life Sciences,1,2,61,2,2,2,Married,5130,5k-10k,24907,1,Y,No,23,4,80,1,10,3,3,7,1,7
RM130,49,46-55,Female,Research & Development,Manufacturing Director,78804,No,15,3,3,Travel_Rarely,470,20,4,Medical,1,170,96,3,2,1,Married,6567,5k-10k,5549,1,Y,No,14,3,80,0,16,2,2,11,5,11
RM202,49,46-55,Male,Research & Development,Manufacturing Director,81648,No,7,4,3,Non-Travel,1002,18,4,Life Sciences,1,275,92,3,2,4,Divorced,6804,5k-10k,23793,1,Y,Yes,15,1,80,2,7,0,3,7,1,7
RM291,49,46-55,Female,Research & Development,Research Director,223980,No,3,3,3,Travel_Frequently,636,10,4,Life Sciences,1,396,35,3,5,1,Single,18665,15k+,25594,9,Y,Yes,11,4,80,0,22,4,3,2,1,2
RM317,49,46-55,Female,Research & Development,Healthcare Representative,167568,No,7,3,3,Travel_Rarely,1091,1,2,Technical Degree,1,431,90,2,4,3,Single,13964,10k-15k,17810,7,Y,Yes,12,4,80,0,25,2,3,1,0,7
RM376,49,46-55,Male,Research & Development,Healthcare Representative,131580,No,5,2,4,Travel_Rarely,1261,7,3,Other,1,499,31,2,3,3,Single,10965,10k-15k,12066,8,Y,No,24,3,80,0,26,2,3,2,0,0
RM474,49,46-55,Male,Research & Development,Research Director,234024,No,31,4,3,Travel_Rarely,1245,18,4,Life Sciences,1,638,58,2,5,3,Divorced,19502,15k+,2125,1,Y,Yes,17,3,80,1,31,5,3,9,0,9
RM608,49,46-55,Female,Sales,Sales Executive,91848,Yes,9,3,3,Travel_Rarely,1184,11,3,Marketing,1,840,43,3,3,4,Married,7654,5k-10k,5860,1,Y,No,18,1,80,2,9,3,4,8,7,7
RM640,49,46-55,Female,Research & Development,Research Scientist,42960,No,4,3,3,Travel_Rarely,1418,1,3,Technical Degree,1,887,36,3,1,1,Married,3580,Upto 5k,10554,2,Y,No,16,2,80,1,7,2,3,2,0,2
RM678,49,46-55,Female,Research & Development,Laboratory Technician,88836,No,26,1,3,Travel_Rarely,527,8,2,Other,1,944,51,3,3,2,Married,7403,5k-10k,22477,4,Y,No,11,3,80,1,29,3,2,9,1,7
RM822,49,46-55,Male,Sales,Sales Executive,157440,No,9,4,3,Travel_Rarely,174,8,4,Technical Degree,1,1138,56,2,4,2,Married,13120,10k-15k,11879,6,Y,No,17,2,80,1,22,3,3,8,2,3
RM900,49,46-55,Male,Research & Development,Manager,224532,No,1,1,3,Travel_Rarely,1098,4,2,Medical,1,1256,85,2,5,3,Married,18711,15k+,12124,2,Y,No,13,3,80,1,23,2,4,0,0,0
RM1007,49,46-55,Male,Research & Development,Laboratory Technician,51408,Yes,4,1,4,Travel_Frequently,1475,28,2,Life Sciences,1,1420,97,2,2,1,Single,4284,Upto 5k,22710,3,Y,No,20,1,80,0,20,2,3,3,1,3
RM1045,49,46-55,Male,Research & Development,Healthcare Representative,79812,No,3,1,3,Travel_Rarely,1495,5,4,Technical Degree,1,1473,96,3,2,3,Married,6651,5k-10k,21534,2,Y,No,14,2,80,1,20,0,2,2,1,2
RM1055,49,46-55,Male,Research & Development,Healthcare Representative,125592,No,8,3,3,Travel_Rarely,1490,7,4,Life Sciences,1,1484,35,3,3,2,Divorced,10466,10k-15k,20948,3,Y,No,14,2,80,2,29,3,3,7,0,7
RM1072,49,46-55,Female,Research & Development,Laboratory Technician,57468,No,3,3,4,Travel_Rarely,271,3,2,Medical,1,1509,43,2,2,1,Married,4789,Upto 5k,23070,4,Y,No,25,1,80,1,10,3,3,2,1,2
RM1148,49,46-55,Female,Research & Development,Laboratory Technician,38532,No,9,3,3,Travel_Rarely,722,25,4,Life Sciences,1,1617,84,3,1,1,Married,3211,Upto 5k,22102,1,Y,No,14,4,80,1,10,3,2,6,1,4
RM1177,49,46-55,Female,Research & Development,Research Director,196956,No,4,1,3,Travel_Rarely,301,22,4,Other,1,1655,72,3,4,2,Married,16413,15k+,3498,3,Y,No,16,2,80,2,27,2,3,2,1,2
RM1182,49,46-55,Female,Research & Development,Healthcare Representative,167592,No,15,3,3,Travel_Rarely,465,6,1,Life Sciences,1,1661,41,2,4,3,Married,13966,10k-15k,11652,2,Y,Yes,19,2,80,1,30,3,3,11,2,12
RM1193,49,46-55,Female,Research & Development,Laboratory Technician,31044,No,2,4,3,Travel_Rarely,464,16,3,Medical,1,1674,74,3,1,1,Divorced,2587,Upto 5k,24941,4,Y,Yes,16,2,80,1,17,2,2,2,2,2
RM1196,49,46-55,Male,Research & Development,Manager,184548,No,8,3,3,Travel_Rarely,809,1,3,Life Sciences,1,1677,36,3,4,3,Single,15379,15k+,22384,4,Y,No,14,1,80,0,23,2,3,7,0,0
RM1255,49,46-55,Female,Sales,Sales Executive,54084,No,5,4,3,Travel_Rarely,1313,11,4,Marketing,1,1757,80,3,2,4,Single,4507,Upto 5k,8191,3,Y,No,12,3,80,0,8,1,4,1,0,4
RM1378,49,46-55,Male,Research & Development,Research Director,229932,No,5,2,3,Travel_Frequently,1064,2,1,Life Sciences,1,1941,42,3,5,4,Married,19161,15k+,13738,3,Y,No,15,4,80,0,28,3,3,4,4,3
RM1469,49,46-55,Male,Sales,Sales Executive,64680,No,9,4,3,Travel_Frequently,1023,2,3,Medical,1,2065,63,2,2,2,Married,5390,5k-10k,13243,2,Y,No,14,4,80,0,17,3,2,6,0,8
RM1469,49,46-55,Male,Sales,Sales Executive,64680,No,9,4,3,Travel_Frequently,1023,2,3,Medical,1,2065,63,2,2,2,Married,5390,5k-10k,13243,2,Y,No,14,4,80,0,17,3,2,6,0,8
RM037,50,46-55,Male,Sales,Sales Representative,32196,Yes,3,1,3,Travel_Rarely,869,3,2,Marketing,1,47,86,2,1,3,Married,2683,Upto 5k,3810,1,Y,Yes,14,3,80,0,3,2,3,2,0,2
RM063,50,46-55,Female,Research & Development,Research Director,224880,No,27,2,3,Travel_Rarely,989,7,2,Medical,1,80,43,2,5,3,Divorced,18740,15k+,16701,5,Y,Yes,12,4,80,1,29,2,2,3,13,8
RM107,50,46-55,Female,Research & Development,Research Director,218064,No,8,1,3,Travel_Frequently,1115,1,3,Life Sciences,1,141,73,3,5,2,Married,18172,15k+,9755,3,Y,Yes,19,1,80,0,28,1,2,3,0,7
RM132,50,46-55,Female,Sales,Sales Executive,110496,No,2,3,3,Travel_Frequently,809,12,3,Marketing,1,174,77,3,3,4,Single,9208,5k-10k,6645,4,Y,No,11,4,80,0,16,3,3,2,2,1
RM166,50,46-55,Female,Research & Development,Manager,239112,No,5,3,3,Travel_Rarely,1452,11,3,Life Sciences,1,226,53,3,5,2,Single,19926,15k+,17053,3,Y,No,15,2,80,0,21,5,3,4,4,4
RM184,50,46-55,Male,Research & Development,Laboratory Technician,44280,No,3,3,3,Travel_Rarely,328,1,3,Medical,1,249,86,2,1,3,Married,3690,Upto 5k,3425,2,Y,No,15,4,80,1,5,2,2,2,0,2
RM234,50,46-55,Female,Sales,Manager,234204,No,7,4,3,Travel_Rarely,854,1,4,Medical,1,323,68,3,5,4,Divorced,19517,15k+,24118,3,Y,No,11,3,80,1,32,3,2,0,0,6
RM280,50,46-55,Male,Research & Development,Research Director,229728,No,10,1,3,Travel_Rarely,797,4,1,Life Sciences,1,385,96,3,5,2,Divorced,19144,15k+,15815,3,Y,No,14,1,80,2,28,4,2,4,1,6
RM368,50,46-55,Male,Research & Development,Healthcare Representative,125952,No,4,4,3,Travel_Rarely,1046,10,3,Technical Degree,1,491,100,2,3,4,Single,10496,10k-15k,2755,6,Y,No,15,4,80,0,20,2,3,3,1,3
RM426,50,46-55,Male,Research & Development,Manager,204552,No,27,2,3,Travel_Rarely,1099,29,4,Life Sciences,1,569,88,2,4,3,Married,17046,15k+,9314,0,Y,No,15,2,80,1,28,2,3,10,15,7
RM478,50,46-55,Male,Human Resources,Manager,218400,No,32,1,3,Travel_Frequently,1246,3,3,Medical,1,644,99,3,5,2,Married,18200,15k+,7999,1,Y,No,11,3,80,1,32,2,3,5,10,7
RM524,50,46-55,Male,Research & Development,Laboratory Technician,38652,No,20,4,3,Travel_Rarely,1207,28,1,Medical,1,716,74,4,1,3,Married,3221,Upto 5k,3297,1,Y,Yes,11,3,80,3,20,3,3,8,3,8
RM529,50,46-55,Male,Sales,Sales Executive,81552,Yes,4,2,3,Travel_Frequently,562,8,2,Technical Degree,1,723,50,3,2,3,Married,6796,5k-10k,23452,3,Y,Yes,14,1,80,1,18,4,3,3,1,3
RM540,50,46-55,Male,Sales,Sales Representative,46500,No,2,4,3,Travel_Rarely,316,8,4,Marketing,1,738,54,3,1,2,Married,3875,Upto 5k,9983,7,Y,No,15,4,80,1,4,2,3,2,2,2
RM589,50,46-55,Male,Research & Development,Research Director,211668,No,4,3,3,Travel_Rarely,691,2,3,Medical,1,815,64,3,4,3,Married,17639,15k+,6881,5,Y,No,16,4,80,0,30,3,3,3,0,3
RM654,50,46-55,Male,Research & Development,Manager,215088,No,31,1,3,Non-Travel,881,2,4,Life Sciences,1,905,98,3,4,1,Divorced,17924,15k+,4544,1,Y,No,11,4,80,1,31,3,3,6,14,7
RM715,50,46-55,Male,Research & Development,Research Director,208788,No,5,4,4,Travel_Rarely,1126,1,2,Medical,1,997,66,3,4,4,Divorced,17399,15k+,6615,9,Y,No,22,3,80,1,32,1,2,4,1,3
RM722,50,46-55,Male,Research & Development,Manufacturing Director,167676,No,12,4,3,Travel_Rarely,939,24,3,Life Sciences,1,1005,95,3,4,3,Married,13973,10k-15k,4161,3,Y,Yes,18,4,80,1,22,2,3,11,1,5
RM743,50,46-55,Male,Research & Development,Laboratory Technician,28560,No,1,1,3,Travel_Rarely,804,9,3,Life Sciences,1,1030,64,3,1,4,Married,2380,Upto 5k,20165,4,Y,No,18,2,80,0,8,5,3,0,0,0
RM752,50,46-55,Female,Sales,Sales Executive,76164,No,18,4,3,Non-Travel,145,1,3,Life Sciences,1,1040,95,3,2,3,Married,6347,5k-10k,24920,0,Y,No,12,1,80,1,19,3,3,7,0,13
RM767,50,46-55,Male,Research & Development,Research Director,230844,No,8,2,3,Travel_Rarely,1464,2,4,Medical,1,1061,62,3,5,3,Married,19237,15k+,12853,2,Y,Yes,11,4,80,1,29,2,2,1,7,7
RM802,50,46-55,Male,Sales,Sales Executive,56736,Yes,0,4,3,Travel_Frequently,959,1,4,Other,1,1113,81,3,2,3,Single,4728,Upto 5k,17251,3,Y,Yes,14,4,80,0,5,4,3,0,0,0
RM868,50,46-55,Female,Research & Development,Manager,214272,No,2,4,4,Travel_Frequently,1421,2,3,Medical,1,1215,30,3,4,1,Married,17856,15k+,9490,2,Y,No,22,3,80,1,32,3,3,2,2,2
RM946,50,46-55,Female,Research & Development,Research Director,202560,No,3,4,3,Travel_Rarely,1322,28,3,Life Sciences,1,1317,43,3,4,1,Married,16880,15k+,22422,4,Y,Yes,11,2,80,0,25,2,3,2,1,2
RM1087,50,46-55,Male,Research & Development,Research Director,172932,No,32,3,3,Travel_Frequently,333,22,5,Medical,1,1539,88,1,4,4,Single,14411,10k-15k,24450,1,Y,Yes,13,4,80,0,32,2,3,6,13,9
RM1127,50,46-55,Male,Sales,Manager,231972,No,1,3,3,Travel_Rarely,264,9,3,Marketing,1,1591,59,3,5,3,Married,19331,15k+,19519,4,Y,Yes,16,3,80,1,27,2,3,0,0,0
RM1139,50,46-55,Male,Research & Development,Healthcare Representative,134940,No,30,2,3,Travel_Frequently,1234,20,5,Medical,1,1606,41,3,4,3,Married,11245,10k-15k,20689,2,Y,Yes,15,3,80,1,32,3,3,8,12,13
RM1178,50,46-55,Female,Research & Development,Research Director,159228,No,14,4,3,Travel_Rarely,813,17,5,Life Sciences,1,1656,50,2,3,1,Divorced,13269,10k-15k,21981,5,Y,No,15,3,80,3,19,3,3,11,1,11
RM1453,50,46-55,Male,Sales,Sales Executive,80736,Yes,6,2,3,Travel_Frequently,878,1,4,Life Sciences,1,2044,94,3,2,3,Divorced,6728,5k-10k,14255,7,Y,No,12,4,80,2,12,3,3,3,0,1
RM1462,50,46-55,Male,Sales,Sales Executive,130248,Yes,3,4,3,Travel_Rarely,410,28,3,Marketing,1,2055,39,2,3,1,Divorced,10854,10k-15k,16586,4,Y,Yes,13,2,80,1,20,3,3,2,2,0
RM1462,50,46-55,Male,Sales,Sales Executive,130248,Yes,3,4,3,Travel_Rarely,410,28,3,Marketing,1,2055,39,2,3,1,Divorced,10854,10k-15k,16586,4,Y,Yes,13,2,80,1,20,3,3,2,2,0
RM088,51,46-55,Male,Research & Development,Laboratory Technician,24900,No,4,4,4,Travel_Rarely,432,9,4,Life Sciences,1,116,96,3,1,4,Married,2075,Upto 5k,18725,3,Y,No,23,2,80,2,10,4,3,2,0,3
RM092,51,46-55,Male,Sales,Sales Executive,65292,No,10,3,4,Travel_Rarely,632,21,4,Marketing,1,120,71,3,2,4,Single,5441,5k-10k,8423,0,Y,Yes,22,4,80,0,11,2,1,7,1,0
RM111,51,46-55,Female,Research & Development,Healthcare Representative,89808,No,13,1,4,Travel_Frequently,1456,1,4,Medical,1,145,30,2,3,1,Single,7484,5k-10k,25796,3,Y,No,20,3,80,0,23,1,2,12,12,8
RM124,51,46-55,Male,Research & Development,Research Director,234444,No,20,1,3,Travel_Rarely,684,6,3,Life Sciences,1,162,51,3,5,3,Single,19537,15k+,6462,7,Y,No,13,3,80,0,23,5,3,18,15,15
RM137,51,46-55,Male,Research & Development,Manufacturing Director,127800,Yes,4,1,3,Travel_Frequently,1150,8,4,Life Sciences,1,179,53,1,3,4,Single,10650,10k-15k,25150,2,Y,No,15,4,80,0,18,2,3,2,0,3
RM157,51,46-55,Male,Research & Development,Manufacturing Director,73584,No,1,2,3,Travel_Rarely,1169,7,4,Medical,1,211,34,2,2,3,Married,6132,5k-10k,13983,2,Y,No,17,3,80,0,10,2,3,0,0,0
RM190,51,46-55,Female,Research & Development,Healthcare Representative,164808,No,7,4,3,Travel_Rarely,313,3,3,Medical,1,258,98,3,4,2,Single,13734,10k-15k,7192,3,Y,No,18,3,80,0,21,6,3,7,1,0
RM214,51,46-55,Male,Research & Development,Research Director,149880,No,10,2,3,Travel_Rarely,1469,8,4,Life Sciences,1,296,81,2,3,2,Married,12490,10k-15k,15736,5,Y,No,16,4,80,2,16,5,1,9,4,7
RM259,51,46-55,Male,Research & Development,Research Scientist,32676,No,1,3,3,Travel_Rarely,833,1,3,Life Sciences,1,353,96,3,1,4,Married,2723,Upto 5k,23231,1,Y,No,11,2,80,0,1,0,2,0,0,
RM300,51,46-55,Male,Research & Development,Manufacturing Director,65784,No,4,4,3,Travel_Rarely,1302,2,3,Medical,1,408,84,1,2,2,Divorced,5482,5k-10k,16321,5,Y,No,18,4,80,1,13,3,3,1,1,2
RM377,51,46-55,Female,Sales,Sales Executive,59232,No,7,3,3,Travel_Rarely,1178,14,2,Life Sciences,1,500,87,3,2,4,Married,4936,Upto 5k,14862,4,Y,No,11,3,80,1,18,2,2,7,0,7
RM617,51,46-55,Female,Sales,Manager,195684,No,20,1,3,Travel_Rarely,1318,26,4,Marketing,1,851,66,3,4,3,Married,16307,15k+,5594,2,Y,No,14,3,80,1,29,2,2,6,4,17
RM780,51,46-55,Male,Research & Development,Research Scientist,29532,Yes,10,1,3,Travel_Rarely,1323,4,4,Life Sciences,1,1081,34,3,1,3,Married,2461,Upto 5k,10332,9,Y,Yes,12,3,80,3,18,2,4,0,2,7
RM919,51,46-55,Male,Sales,Manager,238164,No,29,4,4,Travel_Frequently,237,9,3,Life Sciences,1,1282,83,3,5,2,Divorced,19847,15k+,19196,4,Y,Yes,24,1,80,1,31,5,2,10,11,10
RM931,51,46-55,Female,Research & Development,Laboratory Technician,34056,No,7,2,3,Travel_Frequently,968,6,2,Medical,1,1297,40,2,1,3,Single,2838,Upto 5k,4257,0,Y,No,14,2,80,0,8,6,2,0,7,7
RM963,51,46-55,Male,Human Resources,Manager,168312,No,33,3,3,Travel_Rarely,770,5,3,Life Sciences,1,1352,84,3,4,2,Divorced,14026,10k-15k,17588,1,Y,Yes,11,2,80,1,33,2,3,9,0,10
RM972,51,46-55,Female,Research & Development,Manufacturing Director,157704,No,5,4,3,Travel_Rarely,1405,11,2,Technical Degree,1,1367,82,2,4,2,Single,13142,10k-15k,24439,3,Y,No,16,2,80,0,29,1,2,2,0,3
RM988,51,46-55,Male,Sales,Sales Executive,127152,No,4,2,3,Travel_Frequently,541,2,3,Marketing,1,1391,52,3,3,2,Married,10596,10k-15k,15395,2,Y,No,11,2,80,0,14,5,3,2,3,2
RM1276,51,46-55,Female,Research & Development,Manager,157392,No,2,1,3,Travel_Rarely,942,3,3,Technical Degree,1,1786,53,3,3,3,Married,13116,10k-15k,22984,2,Y,No,11,4,80,0,15,2,3,2,2,2
RM191,52,46-55,Male,Research & Development,Manager,239988,No,33,3,3,Travel_Rarely,699,1,4,Life Sciences,1,259,65,2,5,3,Married,19999,15k+,5678,0,Y,No,14,1,80,1,34,5,3,18,11,9
RM231,52,46-55,Female,Research & Development,Laboratory Technician,38544,No,2,3,3,Travel_Rarely,1323,2,3,Life Sciences,1,316,89,2,1,4,Single,3212,Upto 5k,3300,7,Y,No,15,2,80,0,6,3,2,2,2,2
RM238,52,46-55,Male,Sales,Manager,228816,No,33,1,3,Non-Travel,771,2,4,Life Sciences,1,329,79,2,5,3,Single,19068,15k+,21030,1,Y,Yes,18,4,80,0,33,2,4,7,15,12
RM318,52,46-55,Male,Research & Development,Research Scientist,59292,Yes,8,3,3,Travel_Rarely,723,8,4,Medical,1,433,85,2,2,2,Married,4941,Upto 5k,17747,2,Y,No,15,1,80,0,11,3,2,2,7,7
RM407,52,46-55,Male,Research & Development,Manufacturing Director,95628,No,5,4,3,Travel_Rarely,319,3,3,Medical,1,543,39,2,3,3,Married,7969,5k-10k,19609,2,Y,Yes,14,3,80,0,28,4,3,4,0,
RM409,52,46-55,Female,Research & Development,Manager,198660,No,5,4,3,Travel_Rarely,1490,4,2,Life Sciences,1,546,30,3,4,4,Married,16555,15k+,10310,2,Y,No,13,4,80,0,31,2,1,2,1,4
RM469,52,46-55,Male,Research & Development,Research Scientist,66924,No,10,4,3,Travel_Rarely,956,6,2,Technical Degree,1,630,78,3,2,1,Divorced,5577,5k-10k,22087,3,Y,Yes,12,2,80,2,18,3,3,9,6,9
RM562,52,46-55,Male,Sales,Manager,202272,No,34,3,3,Travel_Rarely,621,3,4,Marketing,1,776,31,2,4,1,Married,16856,15k+,10084,1,Y,No,11,1,80,0,34,3,4,6,1,16
RM571,52,46-55,Male,Research & Development,Research Scientist,51096,No,4,4,3,Non-Travel,715,19,4,Medical,1,791,41,3,1,4,Married,4258,Upto 5k,26589,0,Y,No,18,1,80,1,5,3,3,3,1,2
RM588,52,46-55,Female,Research & Development,Laboratory Technician,37788,No,5,4,4,Travel_Rarely,1325,11,4,Life Sciences,1,813,82,3,2,3,Married,3149,Upto 5k,21821,8,Y,No,20,2,80,1,9,3,3,2,1,4
RM628,52,46-55,Female,Research & Development,Manufacturing Director,165912,No,9,3,4,Travel_Frequently,890,25,4,Medical,1,867,81,2,4,4,Married,13826,10k-15k,19028,3,Y,No,22,3,80,0,31,3,3,8,0,0
RM700,52,46-55,Male,Research & Development,Manager,205188,No,9,4,3,Travel_Rarely,1053,1,2,Life Sciences,1,976,70,3,4,4,Married,17099,15k+,13829,2,Y,No,15,2,80,1,26,2,2,8,7,8
RM750,52,46-55,Female,Sales,Manager,238140,Yes,32,1,3,Travel_Rarely,266,2,1,Marketing,1,1038,57,1,5,4,Married,19845,15k+,25846,1,Y,No,15,4,80,1,33,3,3,14,6,9
RM807,52,46-55,Male,Research & Development,Healthcare Representative,125340,No,8,2,3,Travel_Rarely,994,7,4,Life Sciences,1,1118,87,3,3,2,Single,10445,10k-15k,15322,7,Y,No,19,4,80,0,18,4,3,6,4,0
RM948,52,46-55,Male,Sales,Sales Executive,101352,Yes,8,2,3,Travel_Rarely,1030,5,3,Life Sciences,1,1319,64,3,3,2,Single,8446,5k-10k,21534,9,Y,Yes,19,3,80,0,10,2,2,7,7,7
RM995,52,46-55,Female,Research & Development,Manufacturing Director,158964,No,5,4,3,Travel_Frequently,322,28,2,Medical,1,1401,59,4,4,3,Married,13247,10k-15k,9731,2,Y,Yes,11,2,80,1,24,3,2,3,0,2
RM1001,52,46-55,Female,Research & Development,Laboratory Technician,35400,No,5,3,3,Travel_Rarely,258,8,4,Other,1,1409,54,3,1,1,Married,2950,Upto 5k,17363,9,Y,No,13,3,80,0,12,2,1,4,0,4
RM1435,52,46-55,Male,Sales,Sales Representative,41784,No,9,1,3,Non-Travel,585,29,4,Life Sciences,1,2019,40,3,1,4,Divorced,3482,Upto 5k,19788,2,Y,No,15,2,80,2,16,3,2,8,0,0
RM019,53,46-55,Female,Sales,Manager,185124,No,25,1,3,Travel_Rarely,1219,2,4,Life Sciences,1,23,78,2,4,4,Married,15427,15k+,22021,2,Y,No,16,3,80,0,31,3,3,8,3,7
RM026,53,46-55,Female,Research & Development,Manager,229128,No,14,3,3,Travel_Rarely,1282,5,3,Other,1,32,58,3,5,3,Divorced,19094,15k+,10735,4,Y,No,11,4,80,1,26,3,2,13,4,
RM153,53,46-55,Male,Sales,Sales Representative,27672,No,7,2,4,Travel_Rarely,1436,6,2,Marketing,1,205,34,3,2,3,Married,2306,Upto 5k,16047,2,Y,Yes,20,4,80,1,13,3,1,7,4,5
RM185,53,46-55,Female,Research & Development,Manufacturing Director,53400,No,4,4,3,Travel_Rarely,1084,13,2,Medical,1,250,57,4,2,1,Divorced,4450,Upto 5k,26250,1,Y,No,11,3,80,2,5,3,3,2,1,3
RM281,53,46-55,Male,Research & Development,Research Director,211008,No,5,3,3,Travel_Rarely,1070,3,4,Medical,1,386,45,3,4,3,Married,17584,15k+,21016,3,Y,Yes,16,4,80,3,21,5,2,3,1,3
RM503,53,46-55,Female,Sales,Sales Executive,100572,No,14,4,4,Travel_Rarely,238,1,1,Medical,1,682,34,3,2,1,Single,8381,5k-10k,7507,7,Y,No,20,4,80,0,18,2,4,7,8,10
RM535,53,46-55,Male,Research & Development,Research Director,177768,No,5,3,3,Travel_Rarely,970,7,3,Life Sciences,1,730,59,4,4,3,Married,14814,10k-15k,13514,3,Y,No,19,3,80,0,32,3,3,1,1,3
RM557,53,46-55,Male,Research & Development,Laboratory Technician,29400,No,2,4,3,Travel_Rarely,346,6,3,Life Sciences,1,769,86,3,2,4,Single,2450,Upto 5k,10919,2,Y,No,17,4,80,0,19,4,3,2,2,2
RM625,53,46-55,Female,Sales,Sales Executive,131208,No,5,1,3,Travel_Rarely,661,7,2,Marketing,1,862,78,2,3,4,Married,10934,10k-15k,20715,7,Y,Yes,18,4,80,1,35,3,3,2,0,4
RM647,53,46-55,Male,Sales,Sales Executive,142032,No,2,1,3,Travel_Rarely,868,8,3,Marketing,1,897,73,3,4,4,Married,11836,10k-15k,22789,5,Y,No,14,3,80,1,28,3,3,0,2,2
RM650,53,46-55,Female,Research & Development,Research Director,171300,No,12,4,3,Travel_Rarely,102,23,4,Life Sciences,1,901,72,3,4,4,Single,14275,10k-15k,20206,6,Y,No,18,3,80,0,33,0,3,9,3,8
RM702,53,46-55,Male,Sales,Manager,178224,No,17,3,3,Travel_Rarely,1376,2,2,Medical,1,981,45,3,4,3,Divorced,14852,10k-15k,13938,6,Y,No,13,3,80,1,22,3,4,13,15,2
RM761,53,46-55,Female,Sales,Sales Executive,90300,No,15,3,3,Travel_Frequently,124,2,3,Marketing,1,1050,38,2,3,2,Married,7525,5k-10k,23537,2,Y,No,12,1,80,1,30,2,3,7,6,12
RM859,53,46-55,Female,Research & Development,Manager,223272,No,7,4,3,Travel_Rarely,1223,7,2,Medical,1,1201,50,3,5,3,Divorced,18606,15k+,18640,3,Y,No,18,2,80,1,26,6,3,7,4,7
RM1044,53,46-55,Male,Research & Development,Research Director,199176,No,9,4,3,Travel_Rarely,447,2,3,Medical,1,1472,39,4,4,2,Single,16598,15k+,19764,4,Y,No,12,2,80,0,35,2,2,8,8,8
RM1112,53,46-55,Female,Research & Development,Manufacturing Director,122028,Yes,33,3,3,Travel_Rarely,607,2,5,Technical Degree,1,1572,78,2,3,4,Married,10169,10k-15k,14618,0,Y,No,16,2,80,1,34,4,3,7,1,9
RM1204,53,46-55,Male,Research & Development,Healthcare Representative,84060,No,4,2,3,Travel_Rarely,1395,24,4,Medical,1,1689,48,4,3,4,Married,7005,5k-10k,3458,3,Y,No,15,3,80,0,11,2,3,3,1,2
RM1269,53,46-55,Female,Research & Development,Manufacturing Director,155580,No,3,1,4,Non-Travel,661,1,4,Medical,1,1775,60,2,4,3,Married,12965,10k-15k,22308,4,Y,Yes,20,4,80,3,27,2,2,2,0,2
RM1397,53,46-55,Male,Sales,Sales Executive,125376,Yes,2,1,3,Travel_Rarely,1168,24,4,Life Sciences,1,1968,66,3,3,1,Single,10448,10k-15k,5843,6,Y,Yes,13,2,80,0,15,2,2,2,2,2
RM096,54,46-55,Female,Research & Development,Research Director,162588,No,4,1,3,Travel_Rarely,1217,2,4,Technical Degree,1,126,60,3,3,3,Married,13549,10k-15k,24001,9,Y,No,12,1,80,1,16,5,1,3,0,3
RM113,54,46-55,Female,Human Resources,Manager,207936,No,5,4,3,Non-Travel,142,26,3,Human Resources,1,148,30,4,4,4,Single,17328,15k+,13871,2,Y,Yes,12,3,80,0,23,3,3,3,4,4
RM220,54,46-55,Female,Sales,Sales Executive,71280,No,6,4,3,Travel_Rarely,1147,3,3,Marketing,1,303,52,3,2,1,Married,5940,5k-10k,17011,2,Y,No,14,4,80,1,16,4,3,2,0,5
RM333,54,46-55,Female,Research & Development,Research Scientist,58428,No,4,4,3,Travel_Frequently,928,20,4,Life Sciences,1,450,31,3,2,3,Single,4869,Upto 5k,16885,3,Y,No,12,4,80,0,20,4,2,3,0,3
RM393,54,46-55,Male,Research & Development,Research Director,232872,No,4,1,3,Travel_Rarely,821,5,2,Medical,1,522,86,3,5,1,Married,19406,15k+,8509,4,Y,No,11,3,80,1,24,4,2,2,1,2
RM432,54,46-55,Female,Research & Development,Laboratory Technician,45360,No,1,3,3,Travel_Rarely,548,8,4,Life Sciences,1,578,42,3,2,3,Single,3780,Upto 5k,23428,7,Y,No,11,3,80,0,19,3,3,0,0,0
RM511,54,46-55,Male,Human Resources,Human Resources,128700,No,9,3,3,Travel_Rarely,397,19,4,Medical,1,698,88,3,3,2,Married,10725,10k-15k,6729,2,Y,No,15,3,80,1,16,1,4,7,7,1
RM576,54,46-55,Female,Research & Development,Manufacturing Director,65820,No,5,4,3,Travel_Rarely,376,19,4,Medical,1,799,95,3,2,1,Divorced,5485,5k-10k,22670,9,Y,Yes,11,2,80,2,9,4,3,3,1,4
RM729,54,46-55,Female,Research & Development,Manufacturing Director,128868,No,10,3,3,Travel_Rarely,1441,17,3,Technical Degree,1,1013,56,3,3,3,Married,10739,10k-15k,13943,8,Y,No,11,3,80,1,22,2,3,7,0,8
RM772,54,46-55,Female,Sales,Sales Executive,128232,No,9,3,3,Travel_Rarely,1082,2,4,Life Sciences,1,1070,41,2,3,3,Married,10686,10k-15k,8392,6,Y,No,11,2,80,1,13,4,3,4,7,0
RM891,54,46-55,Female,Research & Development,Manufacturing Director,126024,No,5,4,3,Travel_Frequently,966,1,4,Life Sciences,1,1245,53,3,3,3,Divorced,10502,10k-15k,9659,7,Y,No,17,1,80,1,33,2,1,4,1,4
RM895,54,46-55,Male,Research & Development,Research Director,213348,No,10,4,3,Travel_Rarely,685,3,3,Life Sciences,1,1250,85,3,4,4,Married,17779,15k+,23474,3,Y,No,14,1,80,0,36,2,3,9,0,9
RM1009,54,46-55,Female,Research & Development,Research Director,207936,No,20,4,3,Travel_Rarely,971,1,3,Medical,1,1422,54,3,4,4,Single,17328,15k+,5652,6,Y,No,19,4,80,0,29,3,2,7,12,7
RM1077,54,46-55,Female,Research & Development,Manager,192384,No,14,2,4,Travel_Frequently,1050,11,4,Medical,1,1520,87,3,4,4,Divorced,16032,15k+,24456,3,Y,No,20,1,80,1,26,2,3,9,1,12
RM1185,54,46-55,Female,Research & Development,Manager,209112,No,10,2,4,Travel_Rarely,584,22,5,Medical,1,1665,91,3,4,3,Married,17426,15k+,18685,3,Y,No,25,3,80,1,36,6,3,8,4,7
RM1306,54,46-55,Female,Research & Development,Research Scientist,82248,No,7,4,3,Travel_Rarely,431,7,4,Medical,1,1830,68,3,2,4,Married,6854,5k-10k,15696,4,Y,No,15,2,80,1,14,2,2,1,1,7
RM1398,54,46-55,Female,Research & Development,Research Scientist,34764,No,4,1,3,Travel_Rarely,155,9,2,Life Sciences,1,1969,67,3,2,3,Married,2897,Upto 5k,22474,3,Y,No,11,3,80,2,9,6,2,3,2,3
RM1407,54,46-55,Female,Research & Development,Manufacturing Director,53280,No,5,3,3,Travel_Rarely,157,10,3,Medical,1,1980,77,3,2,1,Single,4440,Upto 5k,25198,6,Y,Yes,19,4,80,0,9,3,3,2,1,4
RM066,55,46-55,Female,Research & Development,Manager,177072,No,5,4,3,Travel_Rarely,836,8,3,Medical,1,84,33,3,4,3,Divorced,14756,10k-15k,19730,2,Y,Yes,14,3,80,3,21,2,3,0,0,2
RM083,55,46-55,Male,Sales,Sales Executive,122868,No,1,1,3,Travel_Rarely,111,1,2,Life Sciences,1,106,70,3,3,4,Married,10239,10k-15k,18092,3,Y,No,14,4,80,1,24,4,3,0,1,0
RM188,55,46-55,Male,Research & Development,Research Director,224664,No,24,3,3,Travel_Rarely,692,14,4,Medical,1,254,61,4,5,2,Single,18722,15k+,13339,8,Y,No,11,4,80,0,36,3,3,15,2,15
RM271,55,46-55,Male,Research & Development,Manager,228540,No,36,4,3,Travel_Rarely,452,1,3,Medical,1,374,81,3,5,1,Single,19045,15k+,18938,0,Y,Yes,14,3,80,0,37,2,3,10,4,13
RM284,55,46-55,Male,Research & Development,Laboratory Technician,64980,No,10,2,3,Travel_Rarely,147,20,2,Technical Degree,1,389,37,3,2,4,Married,5415,5k-10k,15972,3,Y,Yes,19,4,80,1,12,4,3,7,0,8
RM380,55,46-55,Female,Research & Development,Manager,199908,No,5,3,3,Travel_Rarely,1311,2,3,Life Sciences,1,505,97,3,4,4,Single,16659,15k+,23258,2,Y,Yes,13,3,80,0,30,2,3,4,1,2
RM446,55,46-55,Female,Sales,Manager,202020,No,10,1,4,Travel_Rarely,1117,18,5,Life Sciences,1,597,83,3,4,2,Single,16835,15k+,9873,3,Y,No,23,4,80,0,37,2,3,9,7,7
RM569,55,46-55,Male,Research & Development,Manager,238308,Yes,5,4,3,Travel_Rarely,725,2,3,Medical,1,787,78,3,5,1,Married,19859,15k+,21199,5,Y,Yes,13,4,80,1,24,2,3,2,1,4
RM609,55,46-55,Male,Sales,Sales Executive,61920,Yes,9,3,3,Travel_Rarely,436,2,1,Medical,1,842,37,3,2,4,Single,5160,5k-10k,21519,4,Y,No,16,3,80,0,12,3,2,7,7,3
RM746,55,46-55,Male,Research & Development,Healthcare Representative,76620,No,8,3,3,Travel_Frequently,135,18,4,Medical,1,1034,62,3,2,2,Married,6385,5k-10k,12992,3,Y,Yes,14,4,80,2,17,3,3,7,6,7
RM775,55,46-55,Male,Research & Development,Manager,201072,No,9,3,3,Non-Travel,444,2,1,Medical,1,1074,40,2,4,1,Single,16756,15k+,17323,7,Y,No,15,2,80,0,31,3,4,7,6,2
RM788,55,46-55,Male,Research & Development,Manufacturing Director,131712,No,3,4,3,Travel_Frequently,1091,2,1,Life Sciences,1,1096,65,3,3,2,Married,10976,10k-15k,15813,3,Y,No,18,2,80,1,23,4,3,2,1,2
RM915,55,46-55,Male,Research & Development,Healthcare Representative,162924,No,33,4,3,Non-Travel,177,8,1,Medical,1,1278,37,2,4,2,Divorced,13577,10k-15k,25592,1,Y,Yes,15,4,80,1,34,3,3,9,15,0
RM956,55,46-55,Female,Research & Development,Manager,230244,No,19,4,3,Travel_Rarely,282,2,2,Medical,1,1336,58,1,5,3,Married,19187,15k+,6992,4,Y,No,14,4,80,1,23,5,3,9,9,11
RM976,55,46-55,Male,Sales,Sales Executive,164340,Yes,19,1,3,Travel_Rarely,267,13,4,Marketing,1,1372,85,4,4,3,Single,13695,10k-15k,9277,6,Y,Yes,17,3,80,0,24,2,2,7,3,8
RM1011,55,46-55,Male,Research & Development,Research Director,176784,No,7,2,3,Travel_Rarely,1136,1,4,Medical,1,1424,81,4,4,4,Divorced,14732,10k-15k,12414,2,Y,No,13,4,80,2,31,4,4,7,0,0
RM1066,55,46-55,Male,Research & Development,Healthcare Representative,48420,No,3,4,3,Travel_Rarely,1229,4,4,Life Sciences,1,1501,30,3,2,3,Married,4035,Upto 5k,16143,0,Y,Yes,16,2,80,0,4,2,3,2,1,2
RM1117,55,46-55,Male,Sales,Manager,235032,No,36,3,4,Travel_Rarely,685,26,5,Marketing,1,1578,60,2,5,4,Married,19586,15k+,23037,1,Y,No,21,3,80,1,36,3,3,6,2,13
RM1208,55,46-55,Male,Research & Development,Research Scientist,42444,No,4,1,3,Travel_Rarely,1441,22,3,Technical Degree,1,1694,94,2,1,2,Divorced,3537,Upto 5k,23737,5,Y,No,12,4,80,1,8,1,3,2,1,2
RM1265,55,46-55,Male,Research & Development,Research Director,228456,No,1,3,3,Travel_Rarely,478,2,3,Medical,1,1770,60,2,5,1,Married,19038,15k+,19805,8,Y,No,12,2,80,3,34,2,3,0,0,0
RM1337,55,46-55,Male,Research & Development,Research Scientist,31944,No,5,2,4,Travel_Rarely,836,2,4,Technical Degree,1,1873,98,2,1,4,Married,2662,Upto 5k,7975,8,Y,No,20,2,80,1,19,2,4,2,0,4
RM1402,55,46-55,Male,Human Resources,Manager,235632,No,10,3,3,Travel_Rarely,189,26,4,Human Resources,1,1973,71,4,5,2,Married,19636,15k+,25811,4,Y,Yes,18,1,80,1,35,0,3,9,1,4
RM086,56,55+,Male,Research & Development,Manufacturing Director,87120,No,6,4,3,Travel_Rarely,1400,7,3,Life Sciences,1,112,49,1,3,4,Single,7260,5k-10k,21698,4,Y,No,11,1,80,0,37,3,2,4,0,2
RM123,56,55+,Female,Research & Development,Research Scientist,59556,Yes,5,2,3,Travel_Rarely,441,14,4,Life Sciences,1,161,72,3,1,2,Married,4963,Upto 5k,4510,9,Y,Yes,18,1,80,3,7,2,3,4,4,3
RM176,56,55+,Female,Research & Development,Research Scientist,51084,No,2,3,3,Travel_Rarely,713,8,3,Life Sciences,1,241,67,3,1,1,Divorced,4257,Upto 5k,13939,4,Y,Yes,18,3,80,1,19,3,3,2,2,2
RM402,56,55+,Female,Sales,Sales Executive,158544,No,7,3,3,Travel_Frequently,906,6,3,Life Sciences,1,532,86,4,4,1,Married,13212,10k-15k,18256,9,Y,No,11,4,80,3,36,0,2,7,7,7
RM553,56,55+,Male,Research & Development,Healthcare Representative,133236,No,10,3,3,Travel_Rarely,832,9,3,Medical,1,762,81,3,4,4,Married,11103,10k-15k,20420,7,Y,No,11,3,80,0,30,1,2,7,1,1
RM773,56,55+,Female,Research & Development,Research Scientist,35304,No,5,1,3,Travel_Frequently,1240,9,3,Medical,1,1071,63,3,1,3,Married,2942,Upto 5k,12154,2,Y,No,19,2,80,1,18,4,3,4,0,3
RM852,56,55+,Female,Research & Development,Manager,239316,No,5,4,3,Travel_Rarely,718,4,4,Technical Degree,1,1191,92,3,5,1,Divorced,19943,15k+,18575,4,Y,No,13,4,80,1,28,2,3,2,4,2
RM957,56,55+,Male,Human Resources,Manager,236604,No,7,4,3,Travel_Rarely,206,8,4,Life Sciences,1,1338,99,3,5,2,Single,19717,15k+,4022,6,Y,No,14,1,80,0,36,4,3,3,7,7
RM977,56,55+,Male,Research & Development,Manufacturing Director,160824,No,19,4,3,Travel_Rarely,1369,23,3,Life Sciences,1,1373,68,3,4,2,Married,13402,10k-15k,18235,4,Y,Yes,12,1,80,1,33,0,3,16,15,9
RM1024,56,55+,Female,Research & Development,Research Scientist,24792,No,3,1,4,Travel_Rarely,1255,1,2,Life Sciences,1,1441,90,3,1,1,Married,2066,Upto 5k,10494,2,Y,No,22,4,80,1,5,3,4,2,1,0
RM1355,56,55+,Male,Research & Development,Laboratory Technician,31044,Yes,4,1,3,Travel_Rarely,1162,24,2,Life Sciences,1,1907,97,3,1,4,Single,2587,Upto 5k,10261,1,Y,No,16,4,80,0,5,3,3,2,1,0
RM1372,56,55+,Female,Sales,Sales Executive,64560,No,0,4,3,Travel_Rarely,1443,11,5,Marketing,1,1935,89,2,2,1,Married,5380,5k-10k,20328,4,Y,No,16,3,80,1,6,3,3,0,0,0
RM1442,56,55+,Male,Research & Development,Healthcare Representative,75672,No,13,3,4,Non-Travel,667,1,4,Life Sciences,1,2026,57,3,2,3,Divorced,6306,5k-10k,26236,1,Y,No,21,1,80,1,13,2,2,12,1,9
RM1445,56,55+,Male,Research & Development,Laboratory Technician,28068,Yes,10,4,3,Travel_Rarely,310,7,2,Technical Degree,1,2032,72,3,1,3,Married,2339,Upto 5k,3666,8,Y,No,11,4,80,1,14,4,1,9,9,8
RM164,57,55+,Male,Research & Development,Healthcare Representative,113268,No,5,3,3,Travel_Rarely,334,24,2,Life Sciences,1,223,83,4,3,4,Divorced,9439,5k-10k,23402,3,Y,Yes,16,2,80,1,12,2,1,3,1,4
RM361,57,55+,Male,Research & Development,Healthcare Representative,81060,No,3,4,3,Travel_Rarely,593,1,4,Medical,1,482,88,3,2,3,Married,6755,5k-10k,2967,2,Y,No,11,3,80,0,15,2,3,2,1,
RM425,57,55+,Male,Sales,Manager,169416,No,1,1,3,Travel_Rarely,210,29,3,Marketing,1,568,56,2,4,4,Divorced,14118,10k-15k,22102,3,Y,No,12,3,80,1,32,3,2,0,0,0
RM1054,57,55+,Male,Research & Development,Research Scientist,58800,No,12,2,4,Travel_Rarely,405,1,2,Life Sciences,1,1483,93,4,2,3,Married,4900,Upto 5k,2721,0,Y,No,24,1,80,1,13,2,2,9,2,8
RM099,58,55+,Male,Sales,Sales Executive,166464,No,37,4,3,Travel_Rarely,682,10,4,Medical,1,131,37,3,4,3,Single,13872,10k-15k,24409,0,Y,No,13,3,80,0,38,1,2,10,1,8
RM127,58,55+,Female,Research & Development,Healthcare Representative,123744,Yes,40,4,3,Travel_Rarely,147,23,4,Medical,1,165,94,3,3,4,Married,10312,10k-15k,3465,1,Y,No,12,4,80,1,40,3,2,10,15,6
RM158,58,55+,Female,Research & Development,Research Scientist,40152,No,1,2,4,Travel_Rarely,1145,9,3,Medical,1,214,75,2,1,2,Married,3346,Upto 5k,11873,4,Y,Yes,20,2,80,1,9,3,2,0,0,0
RM309,58,55+,Male,Research & Development,Healthcare Representative,67920,No,5,4,3,Non-Travel,390,1,4,Life Sciences,1,422,32,1,2,3,Divorced,5660,5k-10k,17056,2,Y,Yes,13,4,80,1,12,2,3,3,1,2
RM596,58,55+,Male,Research & Development,Research Director,230952,Yes,31,4,3,Travel_Rarely,286,2,4,Life Sciences,1,825,31,3,5,2,Single,19246,15k+,25761,7,Y,Yes,12,4,80,0,40,2,3,15,13,8
RM661,58,55+,Male,Research & Development,Laboratory Technician,28560,Yes,1,4,3,Travel_Frequently,781,2,1,Life Sciences,1,918,57,2,1,4,Divorced,2380,Upto 5k,13384,9,Y,Yes,14,4,80,1,3,3,2,0,0,0
RM675,58,55+,Female,Research & Development,Healthcare Representative,126624,No,6,3,3,Travel_Rarely,1272,5,3,Technical Degree,1,940,37,2,3,2,Divorced,10552,10k-15k,9255,2,Y,Yes,13,4,80,1,24,3,3,0,0,4
RM701,58,55+,Male,Research & Development,Research Scientist,29748,Yes,1,4,4,Travel_Rarely,289,2,3,Technical Degree,1,977,51,3,1,3,Single,2479,Upto 5k,26227,4,Y,No,24,1,80,0,7,4,3,0,0,0
RM939,58,55+,Male,Research & Development,Research Scientist,28464,No,2,1,3,Travel_Rarely,848,23,4,Life Sciences,1,1308,88,3,1,3,Divorced,2372,Upto 5k,26076,1,Y,No,12,4,80,2,2,3,3,2,2,2
RM967,58,55+,Female,Research & Development,Manufacturing Director,120096,Yes,10,3,3,Travel_Rarely,601,7,4,Medical,1,1360,53,2,3,1,Married,10008,10k-15k,12023,7,Y,Yes,14,4,80,0,31,0,2,9,5,9
RM1010,58,55+,Female,Research & Development,Research Director,236412,No,9,4,4,Travel_Rarely,1055,1,3,Medical,1,1423,76,3,5,1,Married,19701,15k+,22456,3,Y,Yes,21,3,80,1,32,3,3,8,1,5
RM1302,58,55+,Male,Sales,Manager,195492,No,16,2,4,Non-Travel,350,2,3,Medical,1,1824,52,3,4,2,Divorced,16291,15k+,22577,4,Y,No,22,4,80,1,37,0,2,9,14,14
RM1311,58,55+,Male,Research & Development,Research Director,189444,No,2,1,3,Travel_Frequently,1216,15,4,Life Sciences,1,1837,87,3,4,3,Married,15787,15k+,21624,2,Y,Yes,14,2,80,0,23,3,3,2,2,2
RM1375,58,55+,Female,Sales,Manager,214500,No,1,4,3,Travel_Rarely,605,21,3,Life Sciences,1,1938,72,3,4,4,Married,17875,15k+,11761,4,Y,Yes,13,3,80,1,29,2,2,0,0,0
RM007,59,55+,Female,Research & Development,Laboratory Technician,32040,No,1,3,4,Travel_Rarely,1324,3,3,Medical,1,10,81,4,1,1,Married,2670,Upto 5k,9964,4,Y,Yes,20,1,80,3,12,3,2,0,0,
RM064,59,55+,Female,Sales,Sales Executive,91644,No,21,1,3,Travel_Rarely,1435,25,3,Life Sciences,1,81,99,3,3,1,Single,7637,5k-10k,2354,7,Y,No,11,4,80,0,28,3,2,16,7,9
RM071,59,55+,Female,Sales,Sales Executive,65676,No,4,1,3,Travel_Frequently,1225,1,1,Life Sciences,1,91,57,2,2,3,Single,5473,5k-10k,24668,7,Y,No,11,4,80,0,20,2,2,3,1,
RM106,59,55+,Female,Human Resources,Manager,226128,No,3,3,4,Non-Travel,1420,2,4,Human Resources,1,140,32,2,5,4,Married,18844,15k+,21922,9,Y,No,21,4,80,1,30,3,3,2,2,2
RM226,59,55+,Male,Research & Development,Research Scientist,26124,No,1,3,3,Travel_Rarely,142,3,3,Life Sciences,1,309,70,2,1,4,Married,2177,Upto 5k,8456,3,Y,No,17,1,80,1,7,6,3,0,0,0
RM233,59,55+,Male,Human Resources,Human Resources,27204,No,2,2,3,Travel_Rarely,818,6,2,Medical,1,321,52,3,1,3,Married,2267,Upto 5k,25657,8,Y,No,17,4,80,0,7,2,2,2,2,2
RM744,59,55+,Female,Research & Development,Manufacturing Director,164712,No,5,3,3,Travel_Rarely,715,2,3,Life Sciences,1,1032,69,2,4,4,Single,13726,10k-15k,21829,3,Y,Yes,13,1,80,0,30,4,3,3,4,3
RM759,59,55+,Male,Sales,Manager,142848,No,6,2,3,Travel_Rarely,1089,1,2,Technical Degree,1,1048,66,3,3,4,Married,11904,10k-15k,11038,3,Y,Yes,14,3,80,1,14,1,1,4,0,4
RM898,59,55+,Female,Sales,Sales Executive,62052,No,6,3,3,Travel_Rarely,326,3,3,Life Sciences,1,1254,48,2,2,4,Single,5171,5k-10k,16490,5,Y,No,17,4,80,0,13,2,3,1,0,5
RM920,59,55+,Male,Research & Development,Manufacturing Director,126144,No,9,4,3,Travel_Rarely,1429,18,4,Medical,1,1283,67,3,3,4,Single,10512,10k-15k,20002,6,Y,No,12,4,80,0,25,6,2,7,5,4
RM412,60,55+,Female,Research & Development,Manager,234792,No,29,1,3,Travel_Rarely,422,7,3,Life Sciences,1,549,41,3,5,1,Married,19566,15k+,3854,5,Y,No,11,4,80,0,33,5,1,8,11,10
RM428,60,55+,Female,Sales,Sales Executive,123192,No,18,3,3,Travel_Frequently,1499,28,3,Marketing,1,573,80,2,3,1,Married,10266,10k-15k,2845,4,Y,No,19,4,80,0,22,5,4,13,13,11
RM537,60,55+,Male,Sales,Sales Executive,64860,No,2,1,3,Travel_Rarely,1179,16,4,Marketing,1,732,84,3,2,1,Single,5405,5k-10k,11924,8,Y,No,14,4,80,0,10,1,3,2,2,2
RM880,60,55+,Male,Sales,Sales Executive,62640,No,11,2,3,Travel_Rarely,696,7,4,Marketing,1,1233,52,4,2,4,Divorced,5220,5k-10k,10893,0,Y,Yes,18,2,80,1,12,3,3,7,1,9
RM1210,60,55+,Male,Research & Development,Healthcare Representative,130596,No,1,3,4,Travel_Rarely,370,1,4,Medical,1,1697,92,1,3,4,Divorced,10883,10k-15k,20467,3,Y,No,20,3,80,1,19,2,4,0,0,0
